i_start,j_start,i_end,j_end,ZONA_O,ZONA_D,trip counts,start_lat,start_lon,end_lat,end_lon
14,8,14,7,1,5,86.43248100000002,-23.54877270632105,-46.633666806085785,-23.544327090571212,-46.64269127088459
14,7,14,7,4,5,286.570842,-23.5514537653042,-46.641528122134964,-23.544327090571212,-46.64269127088459
14,7,14,7,8,5,120.567414,-23.521864162000714,-46.64453190934671,-23.544327090571212,-46.64269127088459
14,8,14,7,9,5,29.26663,-23.52399591239259,-46.630479528844226,-23.544327090571212,-46.64269127088459
14,7,14,7,35,5,234.073129,-23.535383657983413,-46.647703580235365,-23.544327090571212,-46.64269127088459
14,6,14,7,36,5,34.302996,-23.53295448027482,-46.65642119966119,-23.544327090571212,-46.64269127088459
12,5,14,7,71,5,301.5193490000001,-23.608998167214626,-46.684815784763686,-23.544327090571212,-46.64269127088459
14,5,14,7,88,5,199.947275,-23.535200080224826,-46.680679861356325,-23.544327090571212,-46.64269127088459
14,8,12,9,1,236,59.478471,-23.54877270632105,-46.633666806085785,-23.587778679467128,-46.60244929871438
14,8,13,8,2,3,331.13406399999997,-23.54406323903391,-46.62950424993775,-23.5540157883862,-46.632338168263
14,8,13,8,2,20,211.56009699999998,-23.54406323903391,-46.62950424993775,-23.563947171986385,-46.62692861972257
14,8,13,7,2,23,41.343654,-23.54406323903391,-46.62950424993775,-23.567303113883572,-46.63877655254387
13,7,13,7,26,23,81.458897,-23.55820919385787,-46.64192461901244,-23.567303113883572,-46.63877655254387
13,6,13,7,76,23,111.355168,-23.57287771789081,-46.66776463307538,-23.567303113883572,-46.63877655254387
14,8,13,5,2,80,64.036073,-23.54406323903391,-46.62950424993775,-23.56344238628397,-46.6851348752902
12,7,13,5,55,80,64.036073,-23.589749555553123,-46.64132318378529,-23.56344238628397,-46.6851348752902
12,6,13,5,66,80,84.261764,-23.610265690771875,-46.66824895045265,-23.56344238628397,-46.6851348752902
13,5,13,5,68,80,325.682014,-23.584942244800423,-46.68001414040712,-23.56344238628397,-46.6851348752902
12,5,13,5,69,80,18.568493,-23.59200486204801,-46.67686648419709,-23.56344238628397,-46.6851348752902
13,5,13,5,83,80,200.476212,-23.554016374114113,-46.68856496706087,-23.56344238628397,-46.6851348752902
14,5,13,5,87,80,145.680073,-23.544253588094644,-46.68385889373289,-23.56344238628397,-46.6851348752902
14,5,13,5,89,80,69.477848,-23.538737669473747,-46.69332868803129,-23.56344238628397,-46.6851348752902
14,4,13,5,96,80,37.708902,-23.552516524660334,-46.70877297121415,-23.56344238628397,-46.6851348752902
13,3,13,5,339,80,37.708902,-23.562060628265066,-46.727192339050816,-23.56344238628397,-46.6851348752902
14,8,14,5,2,90,89.242681,-23.54406323903391,-46.62950424993775,-23.52989313189888,-46.687119051769116
14,5,14,5,88,90,105.09919,-23.535200080224826,-46.680679861356325,-23.52989313189888,-46.687119051769116
14,4,14,5,100,90,274.495562,-23.523556500763288,-46.69945105976384,-23.52989313189888,-46.687119051769116
13,9,14,5,240,90,274.495562,-23.57731006994175,-46.60976525510742,-23.52989313189888,-46.687119051769116
13,8,14,8,3,2,331.13406399999997,-23.5540157883862,-46.632338168263,-23.54406323903391,-46.62950424993775
13,8,14,8,20,2,211.56009699999998,-23.563947171986385,-46.62692861972257,-23.54406323903391,-46.62950424993775
13,7,14,8,23,2,41.343654,-23.567303113883572,-46.63877655254387,-23.54406323903391,-46.62950424993775
13,6,14,8,78,2,89.242681,-23.563904292619352,-46.6664477143691,-23.54406323903391,-46.62950424993775
13,5,14,8,80,2,64.036073,-23.56344238628397,-46.6851348752902,-23.54406323903391,-46.62950424993775
14,7,13,7,4,26,93.612326,-23.5514537653042,-46.641528122134964,-23.55820919385787,-46.64192461901244
13,8,13,7,22,26,93.612326,-23.567513682499246,-46.63514344986554,-23.55820919385787,-46.64192461901244
13,7,13,7,23,26,81.458897,-23.567303113883572,-46.63877655254387,-23.55820919385787,-46.64192461901244
14,7,14,6,4,30,660.2955,-23.5514537653042,-46.641528122134964,-23.54525797281215,-46.656141582777
14,7,14,6,6,30,186.977332,-23.53899672605772,-46.638357897552716,-23.54525797281215,-46.656141582777
11,5,14,6,72,30,93.488666,-23.619401410613907,-46.691971149226745,-23.54525797281215,-46.656141582777
15,5,14,6,139,30,380.501735,-23.49340443157553,-46.680177012182,-23.54525797281215,-46.656141582777
14,7,14,6,4,34,43.146208,-23.5514537653042,-46.641528122134964,-23.544309454281386,-46.662478008873606
13,6,14,6,62,34,55.976883,-23.584504787517663,-46.656159698434905,-23.544309454281386,-46.662478008873606
14,4,14,6,100,34,55.976883,-23.523556500763288,-46.69945105976384,-23.544309454281386,-46.662478008873606
14,7,14,7,5,4,286.570842,-23.544327090571212,-46.64269127088459,-23.5514537653042,-46.641528122134964
13,7,14,7,26,4,93.612326,-23.55820919385787,-46.64192461901244,-23.5514537653042,-46.641528122134964
14,6,14,7,30,4,660.2955,-23.54525797281215,-46.656141582777,-23.5514537653042,-46.641528122134964
14,6,14,7,34,4,43.146208,-23.544309454281386,-46.662478008873606,-23.5514537653042,-46.641528122134964
14,7,14,7,5,8,120.567414,-23.544327090571212,-46.64269127088459,-23.521864162000714,-46.64453190934671
14,8,14,7,7,8,93.962294,-23.5312742368102,-46.634353780617246,-23.521864162000714,-46.64453190934671
14,7,14,7,37,8,232.298098,-23.52372436888297,-46.65416695241702,-23.521864162000714,-46.64453190934671
15,8,14,7,131,8,55.298221,-23.5155596279124,-46.62451900705316,-23.521864162000714,-46.64453190934671
14,7,14,8,5,9,29.26663,-23.544327090571212,-46.64269127088459,-23.52399591239259,-46.630479528844226
14,7,14,8,6,9,161.546623,-23.53899672605772,-46.638357897552716,-23.52399591239259,-46.630479528844226
14,8,14,8,7,9,57.521304,-23.5312742368102,-46.634353780617246,-23.52399591239259,-46.630479528844226
10,4,14,8,280,9,206.804346,-23.67093595082273,-46.6966029298312,-23.52399591239259,-46.630479528844226
14,7,13,7,5,27,86.43248100000002,-23.544327090571212,-46.64269127088459,-23.565480303659893,-46.64440855782503
12,7,13,7,55,27,256.262226,-23.589749555553123,-46.64132318378529,-23.565480303659893,-46.64440855782503
13,6,13,7,78,27,256.262226,-23.563904292619352,-46.6664477143691,-23.565480303659893,-46.64440855782503
14,7,14,7,5,35,234.073129,-23.544327090571212,-46.64269127088459,-23.535383657983413,-46.647703580235365
13,8,14,7,21,35,159.931645,-23.572874708765703,-46.63041172477328,-23.535383657983413,-46.647703580235365
14,7,14,6,5,36,34.302996,-23.544327090571212,-46.64269127088459,-23.53295448027482,-46.65642119966119
14,7,14,6,6,36,649.162379,-23.53899672605772,-46.638357897552716,-23.53295448027482,-46.65642119966119
13,7,14,6,25,36,285.151614,-23.555086560607986,-46.64793314751026,-23.53295448027482,-46.65642119966119
13,7,14,6,28,36,143.598962,-23.56286577861535,-46.650203911501954,-23.53295448027482,-46.65642119966119
14,5,14,6,87,36,48.563755,-23.544253588094644,-46.68385889373289,-23.53295448027482,-46.65642119966119
14,7,12,5,5,71,301.5193490000001,-23.544327090571212,-46.64269127088459,-23.608998167214626,-46.684815784763686
12,7,12,5,54,71,53.313292,-23.59641138099968,-46.64322589294111,-23.608998167214626,-46.684815784763686
12,6,12,5,64,71,174.204676,-23.60567309813458,-46.65883680535961,-23.608998167214626,-46.684815784763686
11,5,12,5,72,71,257.340328,-23.619401410613907,-46.691971149226745,-23.608998167214626,-46.684815784763686
13,4,12,5,82,71,222.205713,-23.56712486114036,-46.69634169814336,-23.608998167214626,-46.684815784763686
11,5,12,5,268,71,133.916448,-23.63035835379099,-46.67768233205555,-23.608998167214626,-46.684815784763686
11,6,12,5,269,71,283.990582,-23.623440476663603,-46.67260153016355,-23.608998167214626,-46.684815784763686
14,7,14,5,5,88,199.947275,-23.544327090571212,-46.64269127088459,-23.535200080224826,-46.680679861356325
13,6,14,5,79,88,32.721625,-23.56021185850087,-46.66145170680025,-23.535200080224826,-46.680679861356325
14,5,14,5,90,88,105.09919,-23.52989313189888,-46.687119051769116,-23.535200080224826,-46.680679861356325
14,7,14,8,6,7,340.106426,-23.53899672605772,-46.638357897552716,-23.5312742368102,-46.634353780617246
14,8,14,8,9,7,57.521304,-23.52399591239259,-46.630479528844226,-23.5312742368102,-46.634353780617246
14,8,14,8,13,7,23.950382,-23.537396335830746,-46.62127737486644,-23.5312742368102,-46.634353780617246
14,7,14,8,37,7,93.962294,-23.52372436888297,-46.65416695241702,-23.5312742368102,-46.634353780617246
17,10,14,8,151,7,1132.703695,-23.45112528616478,-46.589254963197135,-23.5312742368102,-46.634353780617246
14,7,13,6,6,78,147.563342,-23.53899672605772,-46.638357897552716,-23.563904292619352,-46.6664477143691
13,7,13,6,27,78,256.262226,-23.565480303659893,-46.64440855782503,-23.563904292619352,-46.6664477143691
13,8,13,6,49,78,104.030268,-23.578838827767267,-46.634369972314616,-23.563904292619352,-46.6664477143691
13,5,13,6,68,78,517.924097,-23.584942244800423,-46.68001414040712,-23.563904292619352,-46.6664477143691
11,5,13,6,72,78,128.670164,-23.619401410613907,-46.691971149226745,-23.563904292619352,-46.6664477143691
13,4,13,6,82,78,89.242681,-23.56712486114036,-46.69634169814336,-23.563904292619352,-46.6664477143691
14,7,15,9,6,164,79.292268,-23.53899672605772,-46.638357897552716,-23.519084765660327,-46.601962863921216
14,9,15,9,12,164,124.527094,-23.53026998479985,-46.61716293061853,-23.519084765660327,-46.601962863921216
14,10,15,9,40,164,26.816054,-23.546568937815767,-46.5849742896901,-23.519084765660327,-46.601962863921216
15,11,15,9,161,164,856.4413460000003,-23.516518353867426,-46.56917904319626,-23.519084765660327,-46.601962863921216
15,9,15,9,163,164,251.038326,-23.502661094217874,-46.60334819467893,-23.519084765660327,-46.601962863921216
15,9,15,9,165,164,57.298138,-23.51357411241457,-46.61346594578148,-23.519084765660327,-46.601962863921216
14,8,14,7,7,6,340.106426,-23.5312742368102,-46.634353780617246,-23.53899672605772,-46.638357897552716
14,8,14,7,9,6,161.546623,-23.52399591239259,-46.630479528844226,-23.53899672605772,-46.638357897552716
14,6,14,7,30,6,186.977332,-23.54525797281215,-46.656141582777,-23.53899672605772,-46.638357897552716
14,6,14,7,36,6,649.162379,-23.53295448027482,-46.65642119966119,-23.53899672605772,-46.638357897552716
13,6,14,7,78,6,147.563342,-23.563904292619352,-46.6664477143691,-23.53899672605772,-46.638357897552716
15,9,14,7,164,6,79.292268,-23.519084765660327,-46.601962863921216,-23.53899672605772,-46.638357897552716
14,8,14,8,7,13,23.950382,-23.5312742368102,-46.634353780617246,-23.537396335830746,-46.62127737486644
14,9,14,8,12,13,14.351012,-23.53026998479985,-46.61716293061853,-23.537396335830746,-46.62127737486644
14,8,17,10,7,151,1132.703695,-23.5312742368102,-46.634353780617246,-23.45112528616478,-46.589254963197135
17,11,17,10,155,151,423.042671,-23.448472986850657,-46.57316525434836,-23.45112528616478,-46.589254963197135
14,7,14,7,8,37,390.515555,-23.521864162000714,-46.64453190934671,-23.52372436888297,-46.65416695241702
14,9,14,7,12,37,440.924664,-23.53026998479985,-46.61716293061853,-23.52372436888297,-46.65416695241702
13,7,14,7,57,37,225.43754,-23.57408129453783,-46.64726553363551,-23.52372436888297,-46.65416695241702
13,5,14,7,77,37,44.508981000000006,-23.557273436225838,-46.67506569956685,-23.52372436888297,-46.65416695241702
14,2,14,7,106,37,50.155866,-23.535877752681195,-46.738529145800506,-23.52372436888297,-46.65416695241702
15,8,14,7,133,37,93.962294,-23.49840364572761,-46.63230318457593,-23.52372436888297,-46.65416695241702
14,7,15,8,8,131,55.298221,-23.521864162000714,-46.64453190934671,-23.5155596279124,-46.62451900705316
15,8,15,8,130,131,27.047286,-23.506988846325182,-46.619513498497064,-23.5155596279124,-46.62451900705316
14,2,15,8,338,131,933.963888,-23.541379818375827,-46.74627174419042,-23.5155596279124,-46.62451900705316
14,8,10,4,9,280,206.804346,-23.52399591239259,-46.630479528844226,-23.67093595082273,-46.6966029298312
9,5,10,4,283,280,132.382264,-23.689297959218774,-46.68594918092275,-23.67093595082273,-46.6966029298312
14,8,14,9,10,12,39.364409,-23.52314851560299,-46.621040131502895,-23.53026998479985,-46.61716293061853
14,8,14,9,13,12,14.351012,-23.537396335830746,-46.62127737486644,-23.53026998479985,-46.61716293061853
14,8,14,9,17,12,55.04877800000002,-23.54250111474139,-46.62328832242004,-23.53026998479985,-46.61716293061853
13,7,14,9,29,12,88.420722,-23.55827919897125,-46.653837231488744,-23.53026998479985,-46.61716293061853
14,7,14,9,37,12,440.924664,-23.52372436888297,-46.65416695241702,-23.53026998479985,-46.61716293061853
15,9,14,9,164,12,124.527094,-23.519084765660327,-46.601962863921216,-23.53026998479985,-46.61716293061853
14,8,14,9,10,14,12.294279,-23.52314851560299,-46.621040131502895,-23.53801618939185,-46.613826280966556
14,8,14,9,17,14,70.19090600000001,-23.54250111474139,-46.62328832242004,-23.53801618939185,-46.613826280966556
14,8,14,10,10,39,7.434710000000001,-23.52314851560299,-46.621040131502895,-23.53257787931025,-46.5927924280908
14,9,14,8,11,17,82.57316700000003,-23.52476570049535,-46.61078269173937,-23.54250111474139,-46.62328832242004
14,9,14,8,14,17,70.19090600000001,-23.53801618939185,-46.613826280966556,-23.54250111474139,-46.62328832242004
14,9,14,8,42,17,107.344923,-23.535444489657372,-46.60570092905122,-23.54250111474139,-46.62328832242004
12,7,14,8,54,17,35.095453000000006,-23.59641138099968,-46.64322589294111,-23.54250111474139,-46.62328832242004
14,9,14,8,12,10,39.364409,-23.53026998479985,-46.61716293061853,-23.52314851560299,-46.621040131502895
14,9,14,8,14,10,12.294279,-23.53801618939185,-46.613826280966556,-23.52314851560299,-46.621040131502895
14,10,14,8,39,10,7.434710000000001,-23.53257787931025,-46.5927924280908,-23.52314851560299,-46.621040131502895
14,9,14,9,12,11,55.04877800000002,-23.53026998479985,-46.61716293061853,-23.52476570049535,-46.61078269173937
14,8,14,9,17,11,27.52438900000001,-23.54250111474139,-46.62328832242004,-23.52476570049535,-46.61078269173937
14,9,13,7,12,29,88.420722,-23.53026998479985,-46.61716293061853,-23.55827919897125,-46.653837231488744
13,6,13,7,32,29,48.563755,-23.55447597420116,-46.660050109121244,-23.55827919897125,-46.653837231488744
13,6,13,7,79,29,74.747712,-23.56021185850087,-46.66145170680025,-23.55827919897125,-46.653837231488744
14,9,14,10,15,41,99.452015,-23.54380422927701,-46.61098832032493,-23.54039335994764,-46.59449505474887
14,8,14,10,16,41,98.380899,-23.549926067483568,-46.61857302192611,-23.54039335994764,-46.59449505474887
14,9,14,9,15,42,153.63375,-23.54380422927701,-46.61098832032493,-23.535444489657372,-46.60570092905122
14,8,14,9,16,42,117.933058,-23.549926067483568,-46.61857302192611,-23.535444489657372,-46.60570092905122
14,8,14,9,17,42,107.344923,-23.54250111474139,-46.62328832242004,-23.535444489657372,-46.60570092905122
15,10,14,9,162,42,342.324366,-23.51851582686425,-46.589854004327755,-23.535444489657372,-46.60570092905122
14,8,13,16,16,220,267.153315,-23.549926067483568,-46.61857302192611,-23.557569066058477,-46.47455977435778
14,8,12,7,17,54,35.095453000000006,-23.54250111474139,-46.62328832242004,-23.59641138099968,-46.64322589294111
12,5,12,7,71,54,53.313292,-23.608998167214626,-46.684815784763686,-23.59641138099968,-46.64322589294111
12,5,12,7,73,54,292.2454160000001,-23.601182909567786,-46.69191257233786,-23.59641138099968,-46.64322589294111
11,2,12,7,304,54,848.2824720000001,-23.65099370634615,-46.744590384746544,-23.59641138099968,-46.64322589294111
13,9,14,10,18,43,433.446555,-23.56042944094143,-46.61512101984746,-23.55082673049437,-46.59740747481478
13,11,14,10,47,43,141.440507,-23.5667762072316,-46.57843743262292,-23.55082673049437,-46.59740747481478
14,6,14,10,93,43,58.538265,-23.529652304052462,-46.666134635462925,-23.55082673049437,-46.59740747481478
15,14,14,10,177,43,66.23555,-23.491912577798576,-46.52137598707579,-23.55082673049437,-46.59740747481478
13,9,13,9,18,241,77.090777,-23.56042944094143,-46.61512101984746,-23.580825840955477,-46.599968864174144
13,10,13,9,45,241,77.090777,-23.567241053207997,-46.59752361117296,-23.580825840955477,-46.599968864174144
12,9,13,9,237,241,77.090777,-23.596800041800627,-46.60141582945959,-23.580825840955477,-46.599968864174144
12,9,13,9,239,241,77.090777,-23.589821823255754,-46.613061755046566,-23.580825840955477,-46.599968864174144
12,10,13,9,242,241,982.273848,-23.602339782414674,-46.58852294919813,-23.580825840955477,-46.599968864174144
13,9,12,10,18,253,34.457348,-23.56042944094143,-46.61512101984746,-23.591257199122506,-46.587641265907486
13,10,12,10,45,253,34.457348,-23.567241053207997,-46.59752361117296,-23.591257199122506,-46.587641265907486
13,11,12,10,254,253,34.457348,-23.58388530951603,-46.57619988719468,-23.591257199122506,-46.587641265907486
12,11,12,10,255,253,34.457348,-23.59891035661064,-46.566279520466026,-23.591257199122506,-46.587641265907486
12,13,12,10,258,253,31.621063,-23.603837124634147,-46.53703224028157,-23.591257199122506,-46.587641265907486
13,8,13,3,19,339,226.236403,-23.57113794125981,-46.619428664887415,-23.562060628265066,-46.727192339050816
14,6,13,3,33,339,22.343047,-23.55060971121055,-46.66847398408605,-23.562060628265066,-46.727192339050816
13,5,13,3,68,339,176.151615,-23.584942244800423,-46.68001414040712,-23.562060628265066,-46.727192339050816
13,5,13,3,80,339,37.708902,-23.56344238628397,-46.6851348752902,-23.562060628265066,-46.727192339050816
13,4,13,3,82,339,475.56020800000005,-23.56712486114036,-46.69634169814336,-23.562060628265066,-46.727192339050816
13,5,13,3,83,339,71.106223,-23.554016374114113,-46.68856496706087,-23.562060628265066,-46.727192339050816
14,5,13,3,87,339,48.563755,-23.544253588094644,-46.68385889373289,-23.562060628265066,-46.727192339050816
14,3,13,3,97,339,109.208763,-23.54356625722415,-46.720638745373314,-23.562060628265066,-46.727192339050816
13,4,13,3,317,339,20.247036,-23.58582506952466,-46.69965204223903,-23.562060628265066,-46.727192339050816
11,3,13,3,321,339,160.867774,-23.63258333451283,-46.72812070790223,-23.562060628265066,-46.727192339050816
13,1,13,3,335,339,410.532709,-23.5781689419068,-46.758285121389115,-23.562060628265066,-46.727192339050816
13,4,13,3,340,339,206.65246,-23.569854189884182,-46.71004467854865,-23.562060628265066,-46.727192339050816
13,3,13,3,341,339,203.695279,-23.57912904307653,-46.7205909696434,-23.562060628265066,-46.727192339050816
13,8,13,8,22,49,106.819488,-23.567513682499246,-46.63514344986554,-23.578838827767267,-46.634369972314616
13,6,13,8,62,49,26.884477,-23.584504787517663,-46.656159698434905,-23.578838827767267,-46.634369972314616
13,6,13,8,78,49,104.030268,-23.563904292619352,-46.6664477143691,-23.578838827767267,-46.634369972314616
12,9,13,8,238,49,71.885533,-23.60248253287505,-46.609205944791434,-23.578838827767267,-46.634369972314616
13,7,13,6,23,76,111.355168,-23.567303113883572,-46.63877655254387,-23.57287771789081,-46.66776463307538
13,6,13,6,32,76,20.904776,-23.55447597420116,-46.660050109121244,-23.57287771789081,-46.66776463307538
13,6,13,6,62,76,81.450183,-23.584504787517663,-46.656159698434905,-23.57287771789081,-46.66776463307538
13,8,13,6,24,62,76.056022,-23.559711458637466,-46.63502927173764,-23.584504787517663,-46.656159698434905
14,6,13,6,34,62,55.976883,-23.544309454281386,-46.662478008873606,-23.584504787517663,-46.656159698434905
13,8,13,6,49,62,26.884477,-23.578838827767267,-46.634369972314616,-23.584504787517663,-46.656159698434905
13,7,13,6,57,62,77.991294,-23.57408129453783,-46.64726553363551,-23.584504787517663,-46.656159698434905
12,5,13,6,69,62,38.995647,-23.59200486204801,-46.67686648419709,-23.584504787517663,-46.656159698434905
13,6,13,6,75,62,245.949561,-23.570001881480227,-46.65740161882662,-23.584504787517663,-46.656159698434905
13,8,13,5,24,68,262.560346,-23.559711458637466,-46.63502927173764,-23.584942244800423,-46.68001414040712
12,7,13,5,63,68,33.278017999999996,-23.59623229962216,-46.65577609576648,-23.584942244800423,-46.68001414040712
12,6,13,5,64,68,571.5336159999999,-23.60567309813458,-46.65883680535961,-23.584942244800423,-46.68001414040712
12,5,13,5,69,68,216.47471000000002,-23.59200486204801,-46.67686648419709,-23.584942244800423,-46.68001414040712
12,5,13,5,70,68,129.967758,-23.600205694177212,-46.67873558379944,-23.584942244800423,-46.68001414040712
11,5,13,5,72,68,159.80182,-23.619401410613907,-46.691971149226745,-23.584942244800423,-46.68001414040712
13,7,13,5,74,68,142.229365,-23.566412425052352,-46.65387162384421,-23.584942244800423,-46.68001414040712
13,6,13,5,78,68,104.030268,-23.563904292619352,-46.6664477143691,-23.584942244800423,-46.68001414040712
13,5,13,5,80,68,325.682014,-23.56344238628397,-46.6851348752902,-23.584942244800423,-46.68001414040712
13,5,13,5,81,68,354.552704,-23.575471123022037,-46.68411227710715,-23.584942244800423,-46.68001414040712
13,4,13,5,82,68,129.967758,-23.56712486114036,-46.69634169814336,-23.584942244800423,-46.68001414040712
13,5,13,5,83,68,276.389721,-23.554016374114113,-46.68856496706087,-23.584942244800423,-46.68001414040712
11,4,13,5,300,68,590.045444,-23.634426293117752,-46.70639177473286,-23.584942244800423,-46.68001414040712
13,3,13,5,339,68,176.151615,-23.562060628265066,-46.727192339050816,-23.584942244800423,-46.68001414040712
13,7,12,5,25,73,285.151614,-23.555086560607986,-46.64793314751026,-23.601182909567786,-46.69191257233786
12,8,12,5,53,73,292.2454160000001,-23.59592327197161,-46.63004979838846,-23.601182909567786,-46.69191257233786
12,6,12,5,65,73,262.595149,-23.599681108655034,-46.66825199590866,-23.601182909567786,-46.69191257233786
12,6,12,5,67,73,79.622434,-23.588964978025928,-46.66761343293476,-23.601182909567786,-46.69191257233786
12,5,12,5,69,73,347.24658600000004,-23.59200486204801,-46.67686648419709,-23.601182909567786,-46.69191257233786
13,7,12,5,74,73,56.461638,-23.566412425052352,-46.65387162384421,-23.601182909567786,-46.69191257233786
13,4,12,5,82,73,90.595228,-23.56712486114036,-46.69634169814336,-23.601182909567786,-46.69191257233786
14,5,12,5,87,73,48.563755,-23.544253588094644,-46.68385889373289,-23.601182909567786,-46.69191257233786
11,5,12,5,268,73,52.941385,-23.63035835379099,-46.67768233205555,-23.601182909567786,-46.69191257233786
11,3,12,5,321,73,160.867774,-23.63258333451283,-46.72812070790223,-23.601182909567786,-46.69191257233786
11,2,12,5,322,73,576.096942,-23.62609223678386,-46.74003288467454,-23.601182909567786,-46.69191257233786
13,7,13,8,26,22,93.612326,-23.55820919385787,-46.64192461901244,-23.567513682499246,-46.63514344986554
13,8,13,8,49,22,106.819488,-23.578838827767267,-46.634369972314616,-23.567513682499246,-46.63514344986554
13,7,14,8,27,1,86.43248100000002,-23.565480303659893,-46.64440855782503,-23.54877270632105,-46.633666806085785
12,9,14,8,236,1,59.478471,-23.587778679467128,-46.60244929871438,-23.54877270632105,-46.633666806085785
13,7,13,7,27,57,256.262226,-23.565480303659893,-46.64440855782503,-23.57408129453783,-46.64726553363551
14,7,13,7,37,57,225.43754,-23.52372436888297,-46.65416695241702,-23.57408129453783,-46.64726553363551
13,6,13,7,62,57,77.991294,-23.584504787517663,-46.656159698434905,-23.57408129453783,-46.64726553363551
13,7,13,7,74,57,284.45873,-23.566412425052352,-46.65387162384421,-23.57408129453783,-46.64726553363551
14,6,13,7,84,57,73.654436,-23.536108068906398,-46.67116057783003,-23.57408129453783,-46.64726553363551
13,7,12,8,28,51,125.88945,-23.56286577861535,-46.650203911501954,-23.589999513422732,-46.62553481840155
13,7,13,6,28,79,32.721625,-23.56286577861535,-46.650203911501954,-23.56021185850087,-46.66145170680025
13,7,13,6,29,79,74.747712,-23.55827919897125,-46.653837231488744,-23.56021185850087,-46.66145170680025
12,7,13,6,61,79,298.2383,-23.605366796560922,-46.64281357487962,-23.56021185850087,-46.66145170680025
13,7,13,6,74,79,59.19965,-23.566412425052352,-46.65387162384421,-23.56021185850087,-46.66145170680025
14,5,13,6,88,79,32.721625,-23.535200080224826,-46.680679861356325,-23.56021185850087,-46.66145170680025
11,4,13,6,300,79,59.19965,-23.634426293117752,-46.70639177473286,-23.56021185850087,-46.66145170680025
13,7,14,5,29,87,48.563755,-23.55827919897125,-46.653837231488744,-23.544253588094644,-46.68385889373289
14,6,14,5,36,87,48.563755,-23.53295448027482,-46.65642119966119,-23.544253588094644,-46.68385889373289
13,5,14,5,77,87,206.24354,-23.557273436225838,-46.67506569956685,-23.544253588094644,-46.68385889373289
13,5,14,5,80,87,145.680073,-23.56344238628397,-46.6851348752902,-23.544253588094644,-46.68385889373289
13,4,14,5,82,87,48.563755,-23.56712486114036,-46.69634169814336,-23.544253588094644,-46.68385889373289
13,5,14,5,83,87,100.238106,-23.554016374114113,-46.68856496706087,-23.544253588094644,-46.68385889373289
15,7,14,5,132,87,48.563755,-23.511609022783826,-46.63838494862088,-23.544253588094644,-46.68385889373289
13,7,11,4,29,300,147.563342,-23.55827919897125,-46.653837231488744,-23.634426293117752,-46.70639177473286
13,5,11,4,68,300,176.151615,-23.584942244800423,-46.68001414040712,-23.634426293117752,-46.70639177473286
12,5,11,4,69,300,50.362924,-23.59200486204801,-46.67686648419709,-23.634426293117752,-46.70639177473286
12,5,11,4,70,300,121.243974,-23.600205694177212,-46.67873558379944,-23.634426293117752,-46.70639177473286
11,5,11,4,72,300,255.599233,-23.619401410613907,-46.691971149226745,-23.634426293117752,-46.70639177473286
13,6,11,4,78,300,413.893829,-23.563904292619352,-46.6664477143691,-23.634426293117752,-46.70639177473286
13,6,11,4,79,300,59.19965,-23.56021185850087,-46.66145170680025,-23.634426293117752,-46.70639177473286
13,4,11,4,82,300,39.621531,-23.56712486114036,-46.69634169814336,-23.634426293117752,-46.70639177473286
11,5,11,4,268,300,224.546466,-23.63035835379099,-46.67768233205555,-23.634426293117752,-46.70639177473286
14,6,11,5,30,72,93.488666,-23.54525797281215,-46.656141582777,-23.619401410613907,-46.691971149226745
13,7,11,5,56,72,255.599233,-23.582238741014162,-46.64330340927866,-23.619401410613907,-46.691971149226745
12,7,11,5,63,72,16.639008999999998,-23.59623229962216,-46.65577609576648,-23.619401410613907,-46.691971149226745
13,5,11,5,68,72,159.80182,-23.584942244800423,-46.68001414040712,-23.619401410613907,-46.691971149226745
12,5,11,5,71,72,257.340328,-23.608998167214626,-46.684815784763686,-23.619401410613907,-46.691971149226745
13,6,11,5,78,72,128.670164,-23.563904292619352,-46.6664477143691,-23.619401410613907,-46.691971149226745
11,4,11,5,300,72,255.599233,-23.634426293117752,-46.70639177473286,-23.619401410613907,-46.691971149226745
14,6,15,5,30,139,380.501735,-23.54525797281215,-46.656141582777,-23.49340443157553,-46.680177012182
15,7,15,5,137,139,150.49383899999995,-23.494762956567005,-46.6545867655588,-23.49340443157553,-46.680177012182
14,7,13,6,31,32,99.063523,-23.54863576617937,-46.65155514406312,-23.55447597420116,-46.660050109121244
14,6,13,6,33,32,31.030915000000004,-23.55060971121055,-46.66847398408605,-23.55447597420116,-46.660050109121244
12,5,13,6,70,32,21.471303,-23.600205694177212,-46.67873558379944,-23.55447597420116,-46.660050109121244
14,5,13,6,87,32,48.563755,-23.544253588094644,-46.68385889373289,-23.55447597420116,-46.660050109121244
12,4,13,6,316,32,165.004071,-23.588842597440213,-46.71269251064216,-23.55447597420116,-46.660050109121244
12,3,13,6,319,32,20.904776,-23.604702342238852,-46.71794658217736,-23.55447597420116,-46.660050109121244
14,7,14,6,31,33,22.343047,-23.54863576617937,-46.65155514406312,-23.55060971121055,-46.66847398408605
15,8,14,6,128,33,31.030915000000004,-23.50729513185685,-46.625752299943116,-23.55060971121055,-46.66847398408605
14,7,12,5,31,69,186.002523,-23.54863576617937,-46.65155514406312,-23.59200486204801,-46.67686648419709
13,6,12,5,62,69,38.995647,-23.584504787517663,-46.656159698434905,-23.59200486204801,-46.67686648419709
12,6,12,5,64,69,321.45045000000005,-23.60567309813458,-46.65883680535961,-23.59200486204801,-46.67686648419709
13,5,12,5,68,69,216.47471000000002,-23.584942244800423,-46.68001414040712,-23.59200486204801,-46.67686648419709
12,5,12,5,73,69,231.49772400000003,-23.601182909567786,-46.69191257233786,-23.59200486204801,-46.67686648419709
13,5,12,5,80,69,18.568493,-23.56344238628397,-46.6851348752902,-23.59200486204801,-46.67686648419709
13,4,12,5,82,69,101.887262,-23.56712486114036,-46.69634169814336,-23.59200486204801,-46.67686648419709
14,4,12,5,96,69,95.431133,-23.552516524660334,-46.70877297121415,-23.59200486204801,-46.67686648419709
14,3,12,5,97,69,50.574951,-23.54356625722415,-46.720638745373314,-23.59200486204801,-46.67686648419709
13,6,14,7,32,31,99.063523,-23.55447597420116,-46.660050109121244,-23.54863576617937,-46.65155514406312
12,5,14,7,69,31,186.002523,-23.59200486204801,-46.67686648419709,-23.54863576617937,-46.65155514406312
13,5,14,7,77,31,55.713461,-23.557273436225838,-46.67506569956685,-23.54863576617937,-46.65155514406312
13,3,14,7,339,31,22.343047,-23.562060628265066,-46.727192339050816,-23.54863576617937,-46.65155514406312
13,6,12,5,32,70,21.471303,-23.55447597420116,-46.660050109121244,-23.600205694177212,-46.67873558379944
12,6,12,5,64,70,102.38391,-23.60567309813458,-46.65883680535961,-23.600205694177212,-46.67873558379944
13,5,12,5,68,70,129.967758,-23.584942244800423,-46.68001414040712,-23.600205694177212,-46.67873558379944
11,4,12,5,300,70,121.243974,-23.634426293117752,-46.70639177473286,-23.600205694177212,-46.67873558379944
13,6,15,8,32,128,31.030915000000004,-23.55447597420116,-46.660050109121244,-23.50729513185685,-46.625752299943116
15,9,15,8,165,128,31.858587,-23.51357411241457,-46.61346594578148,-23.50729513185685,-46.625752299943116
13,6,12,4,32,316,165.004071,-23.55447597420116,-46.660050109121244,-23.588842597440213,-46.71269251064216
12,3,12,4,319,316,136.835057,-23.604702342238852,-46.71794658217736,-23.588842597440213,-46.71269251064216
12,3,12,4,329,316,809.350863,-23.59511401961469,-46.730553595696485,-23.588842597440213,-46.71269251064216
13,4,12,4,340,316,72.13579200000002,-23.569854189884182,-46.71004467854865,-23.588842597440213,-46.71269251064216
14,6,14,4,34,100,55.976883,-23.544309454281386,-46.662478008873606,-23.523556500763288,-46.69945105976384
14,5,14,4,90,100,274.495562,-23.52989313189888,-46.687119051769116,-23.523556500763288,-46.69945105976384
15,3,14,4,98,100,76.944563,-23.51477572623617,-46.71664014252496,-23.523556500763288,-46.69945105976384
15,4,14,4,99,100,332.555635,-23.513940361057443,-46.70002484492282,-23.523556500763288,-46.69945105976384
14,3,14,4,104,100,332.555635,-23.52382391234469,-46.72583023763782,-23.523556500763288,-46.69945105976384
14,7,13,8,35,21,159.931645,-23.535383657983413,-46.647703580235365,-23.572874708765703,-46.63041172477328
14,6,13,7,36,25,285.151614,-23.53295448027482,-46.65642119966119,-23.555086560607986,-46.64793314751026
12,5,13,7,73,25,285.151614,-23.601182909567786,-46.69191257233786,-23.555086560607986,-46.64793314751026
14,6,13,7,36,28,88.511688,-23.53295448027482,-46.65642119966119,-23.56286577861535,-46.650203911501954
12,8,13,7,51,28,125.88945,-23.589999513422732,-46.62553481840155,-23.56286577861535,-46.650203911501954
13,6,13,7,79,28,32.721625,-23.56021185850087,-46.66145170680025,-23.56286577861535,-46.650203911501954
14,7,13,5,37,77,44.508981000000006,-23.52372436888297,-46.65416695241702,-23.557273436225838,-46.67506569956685
13,7,13,5,56,77,214.670383,-23.582238741014162,-46.64330340927866,-23.557273436225838,-46.67506569956685
14,5,13,5,87,77,206.24354,-23.544253588094644,-46.68385889373289,-23.557273436225838,-46.67506569956685
14,4,13,5,95,77,147.971793,-23.54725690284166,-46.70019790192483,-23.557273436225838,-46.67506569956685
14,7,14,2,37,106,50.155866,-23.52372436888297,-46.65416695241702,-23.535877752681195,-46.738529145800506
14,4,14,2,96,106,86.52875300000002,-23.552516524660334,-46.70877297121415,-23.535877752681195,-46.738529145800506
14,3,14,2,104,106,61.96971,-23.52382391234469,-46.72583023763782,-23.535877752681195,-46.738529145800506
13,2,14,2,334,106,23.894121,-23.56903799951487,-46.746865337044255,-23.535877752681195,-46.738529145800506
14,2,14,2,338,106,300.802213,-23.541379818375827,-46.74627174419042,-23.535877752681195,-46.738529145800506
14,7,15,8,37,133,93.962294,-23.52372436888297,-46.65416695241702,-23.49840364572761,-46.63230318457593
14,10,14,9,41,15,99.452015,-23.54039335994764,-46.59449505474887,-23.54380422927701,-46.61098832032493
14,9,14,9,42,15,153.63375,-23.535444489657372,-46.60570092905122,-23.54380422927701,-46.61098832032493
14,10,14,8,41,16,98.380899,-23.54039335994764,-46.59449505474887,-23.549926067483568,-46.61857302192611
14,9,14,8,42,16,117.933058,-23.535444489657372,-46.60570092905122,-23.549926067483568,-46.61857302192611
13,16,14,8,220,16,267.153315,-23.557569066058477,-46.47455977435778,-23.549926067483568,-46.61857302192611
14,9,15,10,42,162,342.324366,-23.535444489657372,-46.60570092905122,-23.51851582686425,-46.589854004327755
15,11,15,10,161,162,849.2809259999999,-23.516518353867426,-46.56917904319626,-23.51851582686425,-46.589854004327755
14,10,13,9,43,18,77.45102299999998,-23.55082673049437,-46.59740747481478,-23.56042944094143,-46.61512101984746
13,10,13,9,44,18,433.446555,-23.565450385784192,-46.58975529595933,-23.56042944094143,-46.61512101984746
13,9,13,9,241,18,77.090777,-23.580825840955477,-46.599968864174144,-23.56042944094143,-46.61512101984746
12,10,13,9,253,18,34.457348,-23.591257199122506,-46.587641265907486,-23.56042944094143,-46.61512101984746
14,10,13,10,43,44,433.446555,-23.55082673049437,-46.59740747481478,-23.565450385784192,-46.58975529595933
14,10,13,11,43,47,141.440507,-23.55082673049437,-46.59740747481478,-23.5667762072316,-46.57843743262292
13,10,13,11,45,47,155.37403700000004,-23.567241053207997,-46.59752361117296,-23.5667762072316,-46.57843743262292
13,11,13,11,48,47,155.37403700000004,-23.557691260954197,-46.575695508240784,-23.5667762072316,-46.57843743262292
14,10,14,6,43,93,58.538265,-23.55082673049437,-46.59740747481478,-23.529652304052462,-46.666134635462925
14,6,14,6,84,93,58.538265,-23.536108068906398,-46.67116057783003,-23.529652304052462,-46.666134635462925
15,5,14,6,91,93,41.293237,-23.517158161427393,-46.67987385873531,-23.529652304052462,-46.666134635462925
15,6,14,6,92,93,6.339179,-23.520442560478067,-46.66260728371956,-23.529652304052462,-46.666134635462925
14,10,15,14,43,177,66.23555,-23.55082673049437,-46.59740747481478,-23.491912577798576,-46.52137598707579
15,12,15,14,170,177,184.454506,-23.521372053897945,-46.548289267519436,-23.491912577798576,-46.52137598707579
13,10,13,11,45,48,155.37403700000004,-23.567241053207997,-46.59752361117296,-23.557691260954197,-46.575695508240784
13,7,13,11,56,48,358.72779,-23.582238741014162,-46.64330340927866,-23.557691260954197,-46.575695508240784
13,10,12,10,45,242,257.770412,-23.567241053207997,-46.59752361117296,-23.602339782414674,-46.58852294919813
13,9,12,10,241,242,982.273848,-23.580825840955477,-46.599968864174144,-23.602339782414674,-46.58852294919813
12,9,12,10,243,242,491.136924,-23.617017668877534,-46.600668852425024,-23.602339782414674,-46.58852294919813
12,10,12,10,244,242,1382.626088,-23.61545835392776,-46.588494007836886,-23.602339782414674,-46.58852294919813
12,13,12,10,258,242,977.415264,-23.603837124634147,-46.53703224028157,-23.602339782414674,-46.58852294919813
13,10,12,11,45,255,1100.141624,-23.567241053207997,-46.59752361117296,-23.59891035661064,-46.566279520466026
12,10,12,11,253,255,34.457348,-23.591257199122506,-46.587641265907486,-23.59891035661064,-46.566279520466026
12,14,12,11,260,255,325.938186,-23.60839381332991,-46.516041507173746,-23.59891035661064,-46.566279520466026
13,11,14,13,46,214,434.11258,-23.572671815740925,-46.564741282660826,-23.539493347336194,-46.53337717579237
13,11,13,10,47,45,310.7480740000001,-23.5667762072316,-46.57843743262292,-23.567241053207997,-46.59752361117296
13,9,13,10,241,45,77.090777,-23.580825840955477,-46.599968864174144,-23.567241053207997,-46.59752361117296
12,10,13,10,242,45,257.770412,-23.602339782414674,-46.58852294919813,-23.567241053207997,-46.59752361117296
12,10,13,10,253,45,34.457348,-23.591257199122506,-46.587641265907486,-23.567241053207997,-46.59752361117296
12,11,13,10,255,45,1100.141624,-23.59891035661064,-46.566279520466026,-23.567241053207997,-46.59752361117296
13,11,13,7,48,56,358.72779,-23.557691260954197,-46.575695508240784,-23.582238741014162,-46.64330340927866
13,6,13,7,76,56,81.450183,-23.57287771789081,-46.66776463307538,-23.582238741014162,-46.64330340927866
13,5,13,7,77,56,214.670383,-23.557273436225838,-46.67506569956685,-23.582238741014162,-46.64330340927866
13,5,13,7,81,56,255.599233,-23.575471123022037,-46.68411227710715,-23.582238741014162,-46.64330340927866
13,8,12,9,49,238,71.885533,-23.578838827767267,-46.634369972314616,-23.60248253287505,-46.609205944791434
12,8,13,7,53,74,168.16645400000004,-23.59592327197161,-46.63004979838846,-23.566412425052352,-46.65387162384421
13,7,13,7,57,74,284.45873,-23.57408129453783,-46.64726553363551,-23.566412425052352,-46.65387162384421
13,5,13,7,68,74,142.229365,-23.584942244800423,-46.68001414040712,-23.566412425052352,-46.65387162384421
12,5,13,7,73,74,56.461638,-23.601182909567786,-46.69191257233786,-23.566412425052352,-46.65387162384421
13,6,13,7,79,74,59.19965,-23.56021185850087,-46.66145170680025,-23.566412425052352,-46.65387162384421
13,5,13,7,81,74,142.229365,-23.575471123022037,-46.68411227710715,-23.566412425052352,-46.65387162384421
12,7,11,2,54,304,848.2824720000001,-23.59641138099968,-46.64322589294111,-23.65099370634615,-46.744590384746544
13,7,13,6,56,75,81.450183,-23.582238741014162,-46.64330340927866,-23.570001881480227,-46.65740161882662
13,6,13,6,62,75,164.49937799999998,-23.584504787517663,-46.656159698434905,-23.570001881480227,-46.65740161882662
13,7,13,8,57,24,76.056022,-23.57408129453783,-46.64726553363551,-23.559711458637466,-46.63502927173764
13,5,13,8,68,24,262.560346,-23.584942244800423,-46.68001414040712,-23.559711458637466,-46.63502927173764
13,7,12,7,57,55,256.262226,-23.57408129453783,-46.64726553363551,-23.589749555553123,-46.64132318378529
13,5,12,7,80,55,64.036073,-23.56344238628397,-46.6851348752902,-23.589749555553123,-46.64132318378529
13,7,14,6,57,84,73.654436,-23.57408129453783,-46.64726553363551,-23.536108068906398,-46.67116057783003
14,6,14,6,86,84,25.790737,-23.545538294182357,-46.674186139509146,-23.536108068906398,-46.67116057783003
14,6,14,6,93,84,261.928602,-23.529652304052462,-46.666134635462925,-23.536108068906398,-46.67116057783003
16,4,14,6,125,84,73.654436,-23.475155503127798,-46.70369329712033,-23.536108068906398,-46.67116057783003
12,8,12,8,58,250,145.017124,-23.60629625871315,-46.631683830228354,-23.6155977891042,-46.62276265081659
11,8,12,7,59,60,822.962724,-23.62105734739173,-46.63517513582157,-23.618119081444586,-46.64955799517517
13,5,12,7,81,60,148.497533,-23.575471123022037,-46.68411227710715,-23.618119081444586,-46.64955799517517
11,8,12,6,59,64,570.023751,-23.62105734739173,-46.63517513582157,-23.60567309813458,-46.65883680535961
12,6,12,6,65,64,167.712819,-23.599681108655034,-46.66825199590866,-23.60567309813458,-46.65883680535961
13,5,12,6,68,64,571.5336159999999,-23.584942244800423,-46.68001414040712,-23.60567309813458,-46.65883680535961
12,5,12,6,69,64,321.45045000000005,-23.59200486204801,-46.67686648419709,-23.60567309813458,-46.65883680535961
12,5,12,6,70,64,102.38391,-23.600205694177212,-46.67873558379944,-23.60567309813458,-46.65883680535961
12,5,12,6,71,64,174.204676,-23.608998167214626,-46.684815784763686,-23.60567309813458,-46.65883680535961
13,5,12,6,81,64,174.204676,-23.575471123022037,-46.68411227710715,-23.60567309813458,-46.65883680535961
13,4,12,6,82,64,276.091938,-23.56712486114036,-46.69634169814336,-23.60567309813458,-46.65883680535961
11,8,11,8,59,248,251.121363,-23.62105734739173,-46.63517513582157,-23.651236711804252,-46.62266748215662
11,8,11,8,59,249,879.9941289999997,-23.62105734739173,-46.63517513582157,-23.631409343057697,-46.61986526512715
11,8,11,6,59,272,113.771638,-23.62105734739173,-46.63517513582157,-23.63696854670205,-46.66284486985234
12,7,11,8,60,59,822.962724,-23.618119081444586,-46.64955799517517,-23.62105734739173,-46.63517513582157
12,6,11,8,64,59,570.023751,-23.60567309813458,-46.65883680535961,-23.62105734739173,-46.63517513582157
11,8,11,8,248,59,251.121363,-23.651236711804252,-46.62266748215662,-23.62105734739173,-46.63517513582157
11,8,11,8,249,59,879.9941289999997,-23.631409343057697,-46.61986526512715,-23.62105734739173,-46.63517513582157
11,6,11,8,272,59,113.771638,-23.63696854670205,-46.66284486985234,-23.62105734739173,-46.63517513582157
12,7,13,5,60,81,148.497533,-23.618119081444586,-46.64955799517517,-23.575471123022037,-46.68411227710715
12,6,13,5,64,81,174.204676,-23.60567309813458,-46.65883680535961,-23.575471123022037,-46.68411227710715
13,5,13,5,68,81,354.552704,-23.584942244800423,-46.68001414040712,-23.575471123022037,-46.68411227710715
11,5,13,5,72,81,255.599233,-23.619401410613907,-46.691971149226745,-23.575471123022037,-46.68411227710715
13,4,13,5,82,81,161.64272599999998,-23.56712486114036,-46.69634169814336,-23.575471123022037,-46.68411227710715
13,5,13,5,83,81,80.805428,-23.554016374114113,-46.68856496706087,-23.575471123022037,-46.68411227710715
14,3,13,5,97,81,50.574951,-23.54356625722415,-46.720638745373314,-23.575471123022037,-46.68411227710715
13,4,13,5,340,81,53.178093,-23.569854189884182,-46.71004467854865,-23.575471123022037,-46.68411227710715
12,7,12,6,63,65,100.676777,-23.59623229962216,-46.65577609576648,-23.599681108655034,-46.66825199590866
12,6,12,6,64,65,167.712819,-23.60567309813458,-46.65883680535961,-23.599681108655034,-46.66825199590866
12,5,12,6,73,65,160.939891,-23.601182909567786,-46.69191257233786,-23.599681108655034,-46.66825199590866
13,4,12,6,340,65,31.100136,-23.569854189884182,-46.71004467854865,-23.599681108655034,-46.66825199590866
12,6,13,4,64,82,276.091938,-23.60567309813458,-46.65883680535961,-23.56712486114036,-46.69634169814336
12,6,13,4,67,82,79.622434,-23.588964978025928,-46.66761343293476,-23.56712486114036,-46.69634169814336
13,5,13,4,68,82,129.967758,-23.584942244800423,-46.68001414040712,-23.56712486114036,-46.69634169814336
12,5,13,4,69,82,101.887262,-23.59200486204801,-46.67686648419709,-23.56712486114036,-46.69634169814336
12,5,13,4,71,82,222.205713,-23.608998167214626,-46.684815784763686,-23.56712486114036,-46.69634169814336
12,5,13,4,73,82,139.158983,-23.601182909567786,-46.69191257233786,-23.56712486114036,-46.69634169814336
13,5,13,4,81,82,89.120132,-23.575471123022037,-46.68411227710715,-23.56712486114036,-46.69634169814336
13,5,13,4,83,82,144.798172,-23.554016374114113,-46.68856496706087,-23.56712486114036,-46.69634169814336
14,5,13,4,87,82,48.563755,-23.544253588094644,-46.68385889373289,-23.56712486114036,-46.69634169814336
14,5,13,4,90,82,89.242681,-23.52989313189888,-46.687119051769116,-23.56712486114036,-46.69634169814336
14,4,13,4,95,82,249.02455600000002,-23.54725690284166,-46.70019790192483,-23.56712486114036,-46.69634169814336
14,4,13,4,96,82,189.609609,-23.552516524660334,-46.70877297121415,-23.56712486114036,-46.69634169814336
14,4,13,4,101,82,53.178093,-23.533466267786004,-46.69982116214197,-23.56712486114036,-46.69634169814336
11,5,13,4,268,82,190.96889,-23.63035835379099,-46.67768233205555,-23.56712486114036,-46.69634169814336
11,4,13,4,300,82,39.621531,-23.634426293117752,-46.70639177473286,-23.56712486114036,-46.69634169814336
13,3,13,4,339,82,475.56020800000005,-23.562060628265066,-46.727192339050816,-23.56712486114036,-46.69634169814336
12,6,12,7,65,63,100.676777,-23.599681108655034,-46.66825199590866,-23.59623229962216,-46.65577609576648
13,5,12,7,68,63,33.278017999999996,-23.584942244800423,-46.68001414040712,-23.59623229962216,-46.65577609576648
11,5,12,7,72,63,16.639008999999998,-23.619401410613907,-46.691971149226745,-23.59623229962216,-46.65577609576648
12,6,13,4,65,340,31.100136,-23.599681108655034,-46.66825199590866,-23.569854189884182,-46.71004467854865
13,5,13,4,68,340,35.316646,-23.584942244800423,-46.68001414040712,-23.569854189884182,-46.71004467854865
13,5,13,4,81,340,106.356186,-23.575471123022037,-46.68411227710715,-23.569854189884182,-46.71004467854865
14,4,13,4,96,340,21.441135,-23.552516524660334,-46.70877297121415,-23.569854189884182,-46.71004467854865
12,4,13,4,316,340,72.13579200000002,-23.588842597440213,-46.71269251064216,-23.569854189884182,-46.71004467854865
13,3,13,4,339,340,206.65246,-23.562060628265066,-46.727192339050816,-23.569854189884182,-46.71004467854865
13,2,13,4,342,340,373.167374,-23.579750240100946,-46.73699523078938,-23.569854189884182,-46.71004467854865
12,6,13,13,66,211,69.2028,-23.610265690771875,-46.66824895045265,-23.573169169889606,-46.53895532919032
15,8,13,13,128,211,31.858587,-23.50729513185685,-46.625752299943116,-23.573169169889606,-46.53895532919032
13,12,13,13,210,211,1505.188154,-23.56084773276319,-46.554269074264404,-23.573169169889606,-46.53895532919032
13,5,13,5,68,83,276.389721,-23.584942244800423,-46.68001414040712,-23.554016374114113,-46.68856496706087
13,5,13,5,80,83,200.476212,-23.56344238628397,-46.6851348752902,-23.554016374114113,-46.68856496706087
13,5,13,5,81,83,80.805428,-23.575471123022037,-46.68411227710715,-23.554016374114113,-46.68856496706087
13,4,13,5,82,83,144.798172,-23.56712486114036,-46.69634169814336,-23.554016374114113,-46.68856496706087
14,5,13,5,87,83,100.238106,-23.544253588094644,-46.68385889373289,-23.554016374114113,-46.68856496706087
14,5,13,5,89,83,799.293306,-23.538737669473747,-46.69332868803129,-23.554016374114113,-46.68856496706087
14,4,13,5,96,83,95.431133,-23.552516524660334,-46.70877297121415,-23.554016374114113,-46.68856496706087
13,3,13,5,339,83,119.669978,-23.562060628265066,-46.727192339050816,-23.554016374114113,-46.68856496706087
12,5,14,4,69,96,95.431133,-23.59200486204801,-46.67686648419709,-23.552516524660334,-46.70877297121415
13,5,14,4,80,96,37.708902,-23.56344238628397,-46.6851348752902,-23.552516524660334,-46.70877297121415
13,4,14,4,82,96,189.609609,-23.56712486114036,-46.69634169814336,-23.552516524660334,-46.70877297121415
13,5,14,4,83,96,95.431133,-23.554016374114113,-46.68856496706087,-23.552516524660334,-46.70877297121415
14,2,14,4,106,96,86.52875300000002,-23.535877752681195,-46.738529145800506,-23.552516524660334,-46.70877297121415
13,4,14,4,340,96,26.400033,-23.569854189884182,-46.71004467854865,-23.552516524660334,-46.70877297121415
12,5,14,3,69,97,50.574951,-23.59200486204801,-46.67686648419709,-23.54356625722415,-46.720638745373314
13,5,14,3,81,97,50.574951,-23.575471123022037,-46.68411227710715,-23.54356625722415,-46.720638745373314
15,4,14,3,127,97,393.489521,-23.49732453611391,-46.69630619119486,-23.54356625722415,-46.720638745373314
13,3,14,3,339,97,109.208763,-23.562060628265066,-46.727192339050816,-23.54356625722415,-46.720638745373314
12,5,11,5,71,268,133.916448,-23.608998167214626,-46.684815784763686,-23.63035835379099,-46.67768233205555
12,5,11,5,73,268,52.941385,-23.601182909567786,-46.69191257233786,-23.63035835379099,-46.67768233205555
13,4,11,5,82,268,190.96889,-23.56712486114036,-46.69634169814336,-23.63035835379099,-46.67768233205555
10,6,11,5,277,268,66.958224,-23.661310475493714,-46.668988409630444,-23.63035835379099,-46.67768233205555
11,4,11,5,300,268,224.546466,-23.634426293117752,-46.70639177473286,-23.63035835379099,-46.67768233205555
11,5,11,5,301,268,78.731319,-23.641094895900988,-46.6859517058564,-23.63035835379099,-46.67768233205555
12,5,11,6,71,269,283.990582,-23.608998167214626,-46.684815784763686,-23.623440476663603,-46.67260153016355
11,7,11,6,274,269,283.990582,-23.643787066984693,-46.64656578604078,-23.623440476663603,-46.67260153016355
12,5,12,6,73,67,79.622434,-23.601182909567786,-46.69191257233786,-23.588964978025928,-46.66761343293476
13,4,12,6,82,67,79.622434,-23.56712486114036,-46.69634169814336,-23.588964978025928,-46.66761343293476
12,5,11,3,73,321,160.867774,-23.601182909567786,-46.69191257233786,-23.63258333451283,-46.72812070790223
13,3,11,3,339,321,160.867774,-23.562060628265066,-46.727192339050816,-23.63258333451283,-46.72812070790223
13,7,12,8,74,53,168.16645400000004,-23.566412425052352,-46.65387162384421,-23.59592327197161,-46.63004979838846
13,6,12,3,76,319,20.904776,-23.57287771789081,-46.66776463307538,-23.604702342238852,-46.71794658217736
12,4,12,3,316,319,136.835057,-23.588842597440213,-46.71269251064216,-23.604702342238852,-46.71794658217736
13,5,14,4,77,95,147.971793,-23.557273436225838,-46.67506569956685,-23.54725690284166,-46.70019790192483
13,4,14,4,82,95,249.02455600000002,-23.56712486114036,-46.69634169814336,-23.54725690284166,-46.70019790192483
13,5,13,2,77,342,287.494677,-23.557273436225838,-46.67506569956685,-23.579750240100946,-46.73699523078938
13,4,13,2,340,342,373.167374,-23.569854189884182,-46.71004467854865,-23.579750240100946,-46.73699523078938
13,3,13,2,341,342,47.410292,-23.57912904307653,-46.7205909696434,-23.579750240100946,-46.73699523078938
12,0,13,2,461,342,636.2918530000002,-23.617801665554943,-46.7800066648466,-23.579750240100946,-46.73699523078938
13,6,13,9,79,240,298.2383,-23.56021185850087,-46.66145170680025,-23.57731006994175,-46.60976525510742
14,5,13,9,90,240,274.495562,-23.52989313189888,-46.687119051769116,-23.57731006994175,-46.60976525510742
12,9,13,9,239,240,854.878402,-23.589821823255754,-46.613061755046566,-23.57731006994175,-46.60976525510742
13,5,12,6,80,66,84.261764,-23.56344238628397,-46.6851348752902,-23.610265690771875,-46.66824895045265
13,4,12,6,82,66,84.261764,-23.56712486114036,-46.69634169814336,-23.610265690771875,-46.66824895045265
13,13,12,6,211,66,69.2028,-23.573169169889606,-46.53895532919032,-23.610265690771875,-46.66824895045265
13,5,14,5,80,89,69.477848,-23.56344238628397,-46.6851348752902,-23.538737669473747,-46.69332868803129
13,5,14,5,83,89,399.646653,-23.554016374114113,-46.68856496706087,-23.538737669473747,-46.69332868803129
14,6,14,5,86,89,146.516745,-23.545538294182357,-46.674186139509146,-23.538737669473747,-46.69332868803129
13,4,14,3,82,102,44.560066,-23.56712486114036,-46.69634169814336,-23.53053161293498,-46.712812137340975
14,5,14,3,94,102,212.838905,-23.52642813043382,-46.67747834636447,-23.53053161293498,-46.712812137340975
13,5,14,4,83,101,399.646653,-23.554016374114113,-46.68856496706087,-23.533466267786004,-46.69982116214197
13,4,14,4,340,101,53.178093,-23.569854189884182,-46.71004467854865,-23.533466267786004,-46.69982116214197
14,6,14,6,84,86,25.790737,-23.536108068906398,-46.67116057783003,-23.545538294182357,-46.674186139509146
14,5,14,6,89,86,146.516745,-23.538737669473747,-46.69332868803129,-23.545538294182357,-46.674186139509146
14,6,16,4,84,125,73.654436,-23.536108068906398,-46.67116057783003,-23.475155503127798,-46.70369329712033
15,3,16,4,98,125,766.2609669999997,-23.51477572623617,-46.71664014252496,-23.475155503127798,-46.70369329712033
14,5,15,7,87,132,48.563755,-23.544253588094644,-46.68385889373289,-23.511609022783826,-46.63838494862088
15,8,15,7,130,132,43.674131,-23.506988846325182,-46.619513498497064,-23.511609022783826,-46.63838494862088
15,5,15,5,91,138,35.21422800000001,-23.517158161427393,-46.67987385873531,-23.50825141952859,-46.678391179445065
14,6,15,5,93,91,41.293237,-23.529652304052462,-46.666134635462925,-23.517158161427393,-46.67987385873531
15,5,15,5,138,91,35.21422800000001,-23.50825141952859,-46.678391179445065,-23.517158161427393,-46.67987385873531
14,6,15,6,93,92,6.339179,-23.529652304052462,-46.666134635462925,-23.520442560478067,-46.66260728371956
14,3,15,4,97,127,393.489521,-23.54356625722415,-46.720638745373314,-23.49732453611391,-46.69630619119486
14,4,15,3,100,98,76.944563,-23.523556500763288,-46.69945105976384,-23.51477572623617,-46.71664014252496
16,4,15,3,125,98,766.2609669999997,-23.475155503127798,-46.70369329712033,-23.51477572623617,-46.71664014252496
14,4,15,4,100,99,332.555635,-23.523556500763288,-46.69945105976384,-23.513940361057443,-46.70002484492282
14,4,14,3,100,104,332.555635,-23.523556500763288,-46.69945105976384,-23.52382391234469,-46.72583023763782
14,2,14,3,106,104,61.96971,-23.535877752681195,-46.738529145800506,-23.52382391234469,-46.72583023763782
14,2,14,3,107,104,77.449188,-23.526903205557684,-46.733371563394286,-23.52382391234469,-46.72583023763782
14,3,14,2,104,107,77.449188,-23.52382391234469,-46.72583023763782,-23.526903205557684,-46.733371563394286
13,1,14,2,335,107,96.707788,-23.5781689419068,-46.758285121389115,-23.526903205557684,-46.733371563394286
14,2,13,2,106,334,23.894121,-23.535877752681195,-46.738529145800506,-23.56903799951487,-46.746865337044255
14,2,14,2,106,338,300.802213,-23.535877752681195,-46.738529145800506,-23.541379818375827,-46.74627174419042
15,8,14,2,131,338,933.963888,-23.5155596279124,-46.62451900705316,-23.541379818375827,-46.74627174419042
14,2,13,1,107,335,96.707788,-23.526903205557684,-46.733371563394286,-23.5781689419068,-46.758285121389115
13,3,13,1,339,335,410.532709,-23.562060628265066,-46.727192339050816,-23.5781689419068,-46.758285121389115
16,3,15,2,109,111,1129.030892,-23.47410328064225,-46.72887533486463,-23.499473844056308,-46.738488247441204
15,2,16,3,111,109,1129.030892,-23.499473844056308,-46.738488247441204,-23.47410328064225,-46.72887533486463
17,4,15,6,122,140,485.014355,-23.454061639269923,-46.705841568756895,-23.493784564921256,-46.670719523749135
16,6,15,6,141,140,1014.86131,-23.47168217723682,-46.65894176907469,-23.493784564921256,-46.670719523749135
16,5,16,6,126,141,770.062452,-23.482083216349807,-46.685435537962285,-23.47168217723682,-46.65894176907469
15,6,16,6,140,141,1014.86131,-23.493784564921256,-46.670719523749135,-23.47168217723682,-46.65894176907469
15,8,15,8,131,130,27.047286,-23.5155596279124,-46.62451900705316,-23.506988846325182,-46.619513498497064
15,7,15,8,132,130,43.674131,-23.511609022783826,-46.63838494862088,-23.506988846325182,-46.619513498497064
15,8,15,9,135,163,1270.938503,-23.488967089052053,-46.618803069967115,-23.502661094217874,-46.60334819467893
16,9,15,9,152,163,271.691487,-23.48582824083169,-46.60325291055636,-23.502661094217874,-46.60334819467893
15,9,15,9,164,163,251.038326,-23.519084765660327,-46.601962863921216,-23.502661094217874,-46.60334819467893
15,6,16,11,136,156,422.958853,-23.508310764781104,-46.66014319218532,-23.46656379345557,-46.57858730069744
16,18,16,11,378,156,869.6128880000001,-23.46073895369359,-46.4437731887748,-23.46656379345557,-46.57858730069744
15,5,15,7,139,137,150.49383899999995,-23.49340443157553,-46.680177012182,-23.494762956567005,-46.6545867655588
15,6,17,4,140,122,485.014355,-23.493784564921256,-46.670719523749135,-23.454061639269923,-46.705841568756895
16,6,16,5,141,126,770.062452,-23.47168217723682,-46.65894176907469,-23.482083216349807,-46.685435537962285
16,7,17,9,145,147,1513.301118,-23.457785520242034,-46.64123038077164,-23.450498079975787,-46.608604815815255
17,9,16,7,147,145,1513.301118,-23.450498079975787,-46.608604815815255,-23.457785520242034,-46.64123038077164
17,8,18,10,148,149,350.106964,-23.45426602158071,-46.62354348067613,-23.399376101907702,-46.584895576641046
18,10,17,8,149,148,350.106964,-23.399376101907702,-46.584895576641046,-23.45426602158071,-46.62354348067613
17,10,17,11,151,155,423.042671,-23.45112528616478,-46.589254963197135,-23.448472986850657,-46.57316525434836
16,11,15,6,156,136,422.958853,-23.46656379345557,-46.57858730069744,-23.508310764781104,-46.66014319218532
16,11,16,18,156,378,869.6128880000001,-23.46656379345557,-46.57858730069744,-23.46073895369359,-46.4437731887748
15,18,16,18,196,378,489.938079,-23.518556425007887,-46.437047927719746,-23.46073895369359,-46.4437731887748
15,12,16,18,366,378,390.489116,-23.490641592213393,-46.54401198134564,-23.46073895369359,-46.4437731887748
16,11,15,10,157,158,355.589808,-23.47745756943014,-46.56477576756698,-23.48982833927619,-46.586606631211005
15,10,16,11,158,157,355.589808,-23.48982833927619,-46.586606631211005,-23.47745756943014,-46.56477576756698
15,10,15,11,162,161,849.2809259999999,-23.51851582686425,-46.589854004327755,-23.516518353867426,-46.56917904319626
15,9,15,11,164,161,856.4413460000003,-23.519084765660327,-46.601962863921216,-23.516518353867426,-46.56917904319626
15,9,15,8,163,135,1270.938503,-23.502661094217874,-46.60334819467893,-23.488967089052053,-46.618803069967115
15,9,16,9,163,152,271.691487,-23.502661094217874,-46.60334819467893,-23.48582824083169,-46.60325291055636
15,9,14,10,164,40,26.816054,-23.519084765660327,-46.601962863921216,-23.546568937815767,-46.5849742896901
15,9,15,9,164,165,57.298138,-23.519084765660327,-46.601962863921216,-23.51357411241457,-46.61346594578148
13,13,15,9,211,165,46.21054,-23.573169169889606,-46.53895532919032,-23.51357411241457,-46.61346594578148
14,11,14,12,167,208,659.6722589999998,-23.546229650616997,-46.57353232526871,-23.54518825819382,-46.54730045860329
14,11,15,12,169,170,653.114721,-23.530997330525786,-46.561217403043315,-23.521372053897945,-46.548289267519436
15,14,15,12,177,170,184.454506,-23.491912577798576,-46.52137598707579,-23.521372053897945,-46.548289267519436
15,12,14,11,170,169,653.114721,-23.521372053897945,-46.548289267519436,-23.530997330525786,-46.561217403043315
14,14,14,15,172,173,901.86707,-23.52387308377316,-46.51770813908769,-23.526803154710173,-46.49837622346982
14,15,14,14,173,172,901.86707,-23.526803154710173,-46.49837622346982,-23.52387308377316,-46.51770813908769
15,15,15,15,174,180,1013.937561,-23.500838443089513,-46.50281963185796,-23.490336959740358,-46.49043364369418
15,17,15,15,187,180,496.052163,-23.49025952304924,-46.46204047374546,-23.490336959740358,-46.49043364369418
15,15,15,15,180,174,1013.937561,-23.490336959740358,-46.49043364369418,-23.500838443089513,-46.50281963185796
15,15,15,17,180,187,496.052163,-23.490336959740358,-46.49043364369418,-23.49025952304924,-46.46204047374546
15,16,15,17,181,187,188.28099999999998,-23.496129719066605,-46.4769018671208,-23.49025952304924,-46.46204047374546
15,15,13,15,182,221,527.489716,-23.513867057440386,-46.50142552119679,-23.569097957694346,-46.49393349807952
15,15,17,17,182,375,529.529116,-23.513867057440386,-46.50142552119679,-23.435123972174665,-46.44744092956744
15,16,14,16,184,193,133.349946,-23.511946110506386,-46.4718590559133,-23.522011482928644,-46.46899223196173
15,17,15,16,187,181,188.28099999999998,-23.49025952304924,-46.46204047374546,-23.496129719066605,-46.4769018671208
14,16,15,16,193,184,133.349946,-23.522011482928644,-46.46899223196173,-23.511946110506386,-46.4718590559133
15,18,15,19,196,202,489.938079,-23.518556425007887,-46.437047927719746,-23.517964162113284,-46.41412484009247
15,17,15,18,197,198,137.25669,-23.49498980967544,-46.447200547878865,-23.496021633622085,-46.43688156553648
15,18,15,17,198,197,137.25669,-23.496021633622085,-46.43688156553648,-23.49498980967544,-46.447200547878865
16,19,15,19,199,201,3007.6960390000004,-23.483111939979693,-46.419803592086495,-23.502576559936234,-46.41659259669877
15,19,16,19,201,199,1532.724811,-23.502576559936234,-46.41659259669877,-23.483111939979693,-46.419803592086495
15,19,15,18,202,196,489.938079,-23.517964162113284,-46.41412484009247,-23.518556425007887,-46.437047927719746
16,18,15,18,378,196,489.938079,-23.46073895369359,-46.4437731887748,-23.518556425007887,-46.437047927719746
14,12,14,11,208,167,659.6722589999998,-23.54518825819382,-46.54730045860329,-23.546229650616997,-46.57353232526871
13,13,13,12,211,210,1505.188154,-23.573169169889606,-46.53895532919032,-23.56084773276319,-46.554269074264404
14,13,13,11,214,46,434.11258,-23.539493347336194,-46.53337717579237,-23.572671815740925,-46.564741282660826
13,15,15,15,221,182,527.489716,-23.569097957694346,-46.49393349807952,-23.513867057440386,-46.50142552119679
17,17,15,15,375,182,529.529116,-23.435123972174665,-46.44744092956744,-23.513867057440386,-46.50142552119679
12,18,12,14,232,262,282.357913,-23.60770996676486,-46.43434230377435,-23.598309834979354,-46.50700037600225
12,17,12,14,267,262,221.57488,-23.607930434353968,-46.46424461339068,-23.598309834979354,-46.50700037600225
12,17,12,16,233,264,893.9647669999997,-23.604298406505873,-46.449333716248375,-23.60634599324836,-46.48192879044729
11,18,12,16,234,264,382.376779,-23.631670719547092,-46.446011578896254,-23.60634599324836,-46.48192879044729
12,9,11,9,237,247,1846.718748,-23.596800041800627,-46.60141582945959,-23.64019490013597,-46.60562600627825
13,9,12,7,240,61,298.2383,-23.57731006994175,-46.60976525510742,-23.605366796560922,-46.64281357487962
13,9,12,9,240,239,854.878402,-23.57731006994175,-46.60976525510742,-23.589821823255754,-46.613061755046566
13,9,12,9,241,239,160.76378699999998,-23.580825840955477,-46.599968864174144,-23.589821823255754,-46.613061755046566
13,9,12,9,241,237,77.090777,-23.580825840955477,-46.599968864174144,-23.596800041800627,-46.60141582945959
11,9,12,9,247,237,1846.718748,-23.64019490013597,-46.60562600627825,-23.596800041800627,-46.60141582945959
12,10,12,9,242,243,491.136924,-23.602339782414674,-46.58852294919813,-23.617017668877534,-46.600668852425024
12,10,12,10,242,244,1382.626088,-23.602339782414674,-46.58852294919813,-23.61545835392776,-46.588494007836886
12,10,12,13,242,258,977.415264,-23.602339782414674,-46.58852294919813,-23.603837124634147,-46.53703224028157
12,10,12,13,253,258,31.621063,-23.591257199122506,-46.587641265907486,-23.603837124634147,-46.53703224028157
12,8,12,8,250,58,145.017124,-23.6155977891042,-46.62276265081659,-23.60629625871315,-46.631683830228354
12,10,13,11,253,254,34.457348,-23.591257199122506,-46.587641265907486,-23.58388530951603,-46.57619988719468
12,11,12,14,255,260,325.938186,-23.59891035661064,-46.566279520466026,-23.60839381332991,-46.516041507173746
12,14,11,14,259,428,314.077631,-23.617578003231625,-46.50813219471456,-23.62938908851305,-46.51571680903756
12,14,12,18,262,232,282.357913,-23.598309834979354,-46.50700037600225,-23.60770996676486,-46.43434230377435
12,14,12,17,262,267,221.57488,-23.598309834979354,-46.50700037600225,-23.607930434353968,-46.46424461339068
12,16,12,17,264,233,893.9647669999997,-23.60634599324836,-46.48192879044729,-23.604298406505873,-46.449333716248375
12,16,11,18,264,234,382.376779,-23.60634599324836,-46.48192879044729,-23.631670719547092,-46.446011578896254
11,5,10,6,268,277,66.958224,-23.63035835379099,-46.67768233205555,-23.661310475493714,-46.668988409630444
11,5,11,5,268,301,78.731319,-23.63035835379099,-46.67768233205555,-23.641094895900988,-46.6859517058564
10,7,9,8,278,455,519.412877,-23.67876744104285,-46.644348414341074,-23.686217973056326,-46.62186462754899
10,4,9,5,280,283,132.382264,-23.67093595082273,-46.6966029298312,-23.689297959218774,-46.68594918092275
10,3,9,3,286,287,378.794549,-23.668522198518094,-46.71512625923872,-23.690870061808024,-46.713130606531564
8,3,9,3,288,287,244.537178,-23.724281135796968,-46.716126471332224,-23.690870061808024,-46.713130606531564
9,4,9,3,289,287,796.30801,-23.709326985440946,-46.69608148157711,-23.690870061808024,-46.713130606531564
10,3,9,3,303,287,244.537178,-23.652962760990853,-46.71494183699383,-23.690870061808024,-46.713130606531564
9,3,10,3,287,286,378.794549,-23.690870061808024,-46.713130606531564,-23.668522198518094,-46.71512625923872
9,3,8,3,287,288,244.537178,-23.690870061808024,-46.713130606531564,-23.724281135796968,-46.716126471332224
9,3,9,4,287,289,796.30801,-23.690870061808024,-46.713130606531564,-23.709326985440946,-46.69608148157711
9,3,10,3,287,303,244.537178,-23.690870061808024,-46.713130606531564,-23.652962760990853,-46.71494183699383
13,4,10,3,317,303,20.247036,-23.58582506952466,-46.69965204223903,-23.652962760990853,-46.71494183699383
8,4,8,5,291,293,868.504826,-23.74541919564698,-46.711936247397155,-23.741891450380958,-46.688224740894434
5,4,8,5,298,293,1710.223829,-23.84612583156012,-46.702891622579244,-23.741891450380958,-46.688224740894434
8,5,8,4,293,291,868.504826,-23.741891450380958,-46.688224740894434,-23.74541919564698,-46.711936247397155
8,5,5,4,293,298,1710.223829,-23.741891450380958,-46.688224740894434,-23.84612583156012,-46.702891622579244
10,4,5,4,302,298,362.427651,-23.65179768292356,-46.69981862948846,-23.84612583156012,-46.702891622579244
5,4,10,4,298,302,362.427651,-23.84612583156012,-46.702891622579244,-23.65179768292356,-46.69981862948846
10,3,13,4,303,317,20.247036,-23.652962760990853,-46.71494183699383,-23.58582506952466,-46.69965204223903
13,3,13,4,339,317,20.247036,-23.562060628265066,-46.727192339050816,-23.58582506952466,-46.69965204223903
10,0,11,2,315,322,268.767697,-23.6619888196252,-46.78588561092861,-23.62609223678386,-46.74003288467454
12,4,12,3,316,329,809.350863,-23.588842597440213,-46.71269251064216,-23.59511401961469,-46.730553595696485
11,3,12,3,320,329,181.351088,-23.61956254637941,-46.717908050825635,-23.59511401961469,-46.730553595696485
11,2,10,0,322,315,268.767697,-23.62609223678386,-46.74003288467454,-23.6619888196252,-46.78588561092861
11,1,12,1,325,460,488.487492,-23.631640252666703,-46.76453505398435,-23.608100477411963,-46.765938117203675
11,1,12,0,326,461,416.053521,-23.622906708302327,-46.753555104616545,-23.617801665554943,-46.7800066648466
13,2,12,0,342,461,636.2918530000002,-23.579750240100946,-46.73699523078938,-23.617801665554943,-46.7800066648466
12,3,11,3,329,320,181.351088,-23.59511401961469,-46.730553595696485,-23.61956254637941,-46.717908050825635
13,1,14,1,336,337,190.754211,-23.568098021091966,-46.7649921773711,-23.548115673686787,-46.752661426661746
14,1,13,1,337,336,190.754211,-23.548115673686787,-46.752661426661746,-23.568098021091966,-46.7649921773711
13,3,13,8,339,19,226.236403,-23.562060628265066,-46.727192339050816,-23.57113794125981,-46.619428664887415
13,3,13,3,339,341,203.695279,-23.562060628265066,-46.727192339050816,-23.57912904307653,-46.7205909696434
13,2,13,3,342,341,47.410292,-23.579750240100946,-46.73699523078938,-23.57912904307653,-46.7205909696434
16,14,17,13,363,371,931.793771,-23.460278738308048,-46.52077973546129,-23.43867956849377,-46.52470690217445
16,14,17,13,365,370,62.58819200000001,-23.47068119607276,-46.50548220081203,-23.448964312077063,-46.54070943388078
16,12,17,15,367,373,900.950372,-23.475090760991968,-46.542264730137845,-23.429625343728446,-46.502237685634306
17,13,16,14,370,365,62.58819200000001,-23.448964312077063,-46.54070943388078,-23.47068119607276,-46.50548220081203
17,13,16,14,371,363,931.793771,-23.43867956849377,-46.52470690217445,-23.460278738308048,-46.52077973546129
17,15,16,12,373,367,900.950372,-23.429625343728446,-46.502237685634306,-23.475090760991968,-46.542264730137845
16,18,15,12,378,366,390.489116,-23.46073895369359,-46.4437731887748,-23.490641592213393,-46.54401198134564
11,11,10,12,417,425,422.039267,-23.622346823404804,-46.565663729399205,-23.652256327384208,-46.55694480406892
11,11,10,12,420,425,422.039267,-23.6226570233315,-46.57870266447506,-23.652256327384208,-46.55694480406892
11,11,11,11,419,420,39.040178,-23.639878552686863,-46.57261940335541,-23.6226570233315,-46.57870266447506
10,12,11,11,425,420,422.039267,-23.652256327384208,-46.55694480406892,-23.6226570233315,-46.57870266447506
11,11,10,11,419,447,58.624799,-23.639878552686863,-46.57261940335541,-23.65938651624465,-46.56825974123236
10,10,10,11,446,447,380.524641,-23.66206693076889,-46.590751465863676,-23.65938651624465,-46.56825974123236
11,11,11,11,420,419,39.040178,-23.6226570233315,-46.57870266447506,-23.639878552686863,-46.57261940335541
10,11,11,11,447,419,58.624799,-23.65938651624465,-46.56825974123236,-23.639878552686863,-46.57261940335541
10,13,11,12,422,426,110.224473,-23.656729733560724,-46.52864028429288,-23.63888674374561,-46.545956922316435
9,12,11,12,448,426,439.438816,-23.684456562239166,-46.55381184020689,-23.63888674374561,-46.545956922316435
10,13,9,13,422,432,1022.83407,-23.656729733560724,-46.52864028429288,-23.687922227937825,-46.524173294413394
10,13,8,15,422,433,740.297128,-23.656729733560724,-46.52864028429288,-23.734844367236,-46.489697083844796
10,15,8,15,431,433,1545.652664,-23.67703639242013,-46.498747913776825,-23.734844367236,-46.489697083844796
10,12,11,11,425,417,422.039267,-23.652256327384208,-46.55694480406892,-23.622346823404804,-46.565663729399205
11,12,10,13,426,422,110.224473,-23.63888674374561,-46.545956922316435,-23.656729733560724,-46.52864028429288
9,13,10,13,432,422,1022.83407,-23.687922227937825,-46.524173294413394,-23.656729733560724,-46.52864028429288
8,15,10,13,433,422,740.297128,-23.734844367236,-46.489697083844796,-23.656729733560724,-46.52864028429288
11,12,9,12,426,448,439.438816,-23.63888674374561,-46.545956922316435,-23.684456562239166,-46.55381184020689
11,14,12,14,428,259,314.077631,-23.62938908851305,-46.51571680903756,-23.617578003231625,-46.50813219471456
11,14,11,13,430,427,207.910447,-23.65059369129188,-46.50993134821998,-23.6232589912625,-46.535008212294436
8,15,10,15,433,431,1545.652664,-23.734844367236,-46.489697083844796,-23.67703639242013,-46.498747913776825
10,10,9,10,446,457,821.015584,-23.66206693076889,-46.590751465863676,-23.69127950986635,-46.59255368095876
7,9,9,10,454,457,572.44216,-23.75347215717972,-46.60954003874017,-23.69127950986635,-46.59255368095876
10,11,10,10,447,446,380.524641,-23.65938651624465,-46.56825974123236,-23.66206693076889,-46.590751465863676
9,10,10,10,457,446,821.015584,-23.69127950986635,-46.59255368095876,-23.66206693076889,-46.590751465863676
7,12,7,9,452,454,835.873992,-23.762258719407395,-46.545726706101476,-23.75347215717972,-46.60954003874017
9,10,7,9,457,454,572.44216,-23.69127950986635,-46.59255368095876,-23.75347215717972,-46.60954003874017
9,9,7,9,458,454,1132.46045,-23.699802442744346,-46.612460862653066,-23.75347215717972,-46.60954003874017
7,9,7,12,454,452,835.873992,-23.75347215717972,-46.60954003874017,-23.762258719407395,-46.545726706101476
7,9,9,9,454,458,1132.46045,-23.75347215717972,-46.60954003874017,-23.699802442744346,-46.612460862653066
9,8,10,7,455,278,1023.498524,-23.686217973056326,-46.62186462754899,-23.67876744104285,-46.644348414341074
12,1,11,1,460,325,488.487492,-23.608100477411963,-46.765938117203675,-23.631640252666703,-46.76453505398435
12,0,11,1,461,326,416.053521,-23.617801665554943,-46.7800066648466,-23.622906708302327,-46.753555104616545
13,0,14,0,491,492,272.413783,-23.56031570843382,-46.774058979735926,-23.54141173477571,-46.78633220056241
14,0,15,1,498,501,483.248368,-23.525491454640132,-46.770408821797965,-23.51043840119537,-46.762849580177004
15,1,14,0,501,498,483.248368,-23.51043840119537,-46.762849580177004,-23.525491454640132,-46.770408821797965
