i,j,geometry
0,0,"POLYGON ((-46.7698 -24.0089, -46.7698 -23.9764, -46.7888 -23.9764, -46.7888 -24.0089, -46.7698 -24.0089))"
0,1,"POLYGON ((-46.75080000000001 -24.0089, -46.75080000000001 -23.9764, -46.7698 -23.9764, -46.7698 -24.0089, -46.75080000000001 -24.0089))"
0,2,"POLYGON ((-46.7318 -24.0089, -46.7318 -23.9764, -46.75080000000001 -23.9764, -46.75080000000001 -24.0089, -46.7318 -24.0089))"
0,3,"POLYGON ((-46.7128 -24.0089, -46.7128 -23.9764, -46.7318 -23.9764, -46.7318 -24.0089, -46.7128 -24.0089))"
0,4,"POLYGON ((-46.6938 -24.0089, -46.6938 -23.9764, -46.7128 -23.9764, -46.7128 -24.0089, -46.6938 -24.0089))"
0,5,"POLYGON ((-46.6748 -24.0089, -46.6748 -23.9764, -46.6938 -23.9764, -46.6938 -24.0089, -46.6748 -24.0089))"
0,6,"POLYGON ((-46.65580000000001 -24.0089, -46.65580000000001 -23.9764, -46.6748 -23.9764, -46.6748 -24.0089, -46.65580000000001 -24.0089))"
0,7,"POLYGON ((-46.6368 -24.0089, -46.6368 -23.9764, -46.65580000000001 -23.9764, -46.65580000000001 -24.0089, -46.6368 -24.0089))"
0,8,"POLYGON ((-46.6178 -24.0089, -46.6178 -23.9764, -46.6368 -23.9764, -46.6368 -24.0089, -46.6178 -24.0089))"
0,9,"POLYGON ((-46.5988 -24.0089, -46.5988 -23.9764, -46.6178 -23.9764, -46.6178 -24.0089, -46.5988 -24.0089))"
0,10,"POLYGON ((-46.57980000000001 -24.0089, -46.57980000000001 -23.9764, -46.5988 -23.9764, -46.5988 -24.0089, -46.57980000000001 -24.0089))"
0,11,"POLYGON ((-46.56080000000001 -24.0089, -46.56080000000001 -23.9764, -46.57980000000001 -23.9764, -46.57980000000001 -24.0089, -46.56080000000001 -24.0089))"
0,12,"POLYGON ((-46.5418 -24.0089, -46.5418 -23.9764, -46.56080000000001 -23.9764, -46.56080000000001 -24.0089, -46.5418 -24.0089))"
0,13,"POLYGON ((-46.5228 -24.0089, -46.5228 -23.9764, -46.5418 -23.9764, -46.5418 -24.0089, -46.5228 -24.0089))"
0,14,"POLYGON ((-46.50380000000001 -24.0089, -46.50380000000001 -23.9764, -46.5228 -23.9764, -46.5228 -24.0089, -46.50380000000001 -24.0089))"
0,15,"POLYGON ((-46.48480000000001 -24.0089, -46.48480000000001 -23.9764, -46.50380000000001 -23.9764, -46.50380000000001 -24.0089, -46.48480000000001 -24.0089))"
0,16,"POLYGON ((-46.46580000000001 -24.0089, -46.46580000000001 -23.9764, -46.48480000000001 -23.9764, -46.48480000000001 -24.0089, -46.46580000000001 -24.0089))"
0,17,"POLYGON ((-46.4468 -24.0089, -46.4468 -23.9764, -46.46580000000001 -23.9764, -46.46580000000001 -24.0089, -46.4468 -24.0089))"
0,18,"POLYGON ((-46.4278 -24.0089, -46.4278 -23.9764, -46.4468 -23.9764, -46.4468 -24.0089, -46.4278 -24.0089))"
0,19,"POLYGON ((-46.40880000000001 -24.0089, -46.40880000000001 -23.9764, -46.4278 -23.9764, -46.4278 -24.0089, -46.40880000000001 -24.0089))"
1,0,"POLYGON ((-46.7698 -23.9764, -46.7698 -23.9439, -46.7888 -23.9439, -46.7888 -23.9764, -46.7698 -23.9764))"
1,1,"POLYGON ((-46.75080000000001 -23.9764, -46.75080000000001 -23.9439, -46.7698 -23.9439, -46.7698 -23.9764, -46.75080000000001 -23.9764))"
1,2,"POLYGON ((-46.7318 -23.9764, -46.7318 -23.9439, -46.75080000000001 -23.9439, -46.75080000000001 -23.9764, -46.7318 -23.9764))"
1,3,"POLYGON ((-46.7128 -23.9764, -46.7128 -23.9439, -46.7318 -23.9439, -46.7318 -23.9764, -46.7128 -23.9764))"
1,4,"POLYGON ((-46.6938 -23.9764, -46.6938 -23.9439, -46.7128 -23.9439, -46.7128 -23.9764, -46.6938 -23.9764))"
1,5,"POLYGON ((-46.6748 -23.9764, -46.6748 -23.9439, -46.6938 -23.9439, -46.6938 -23.9764, -46.6748 -23.9764))"
1,6,"POLYGON ((-46.65580000000001 -23.9764, -46.65580000000001 -23.9439, -46.6748 -23.9439, -46.6748 -23.9764, -46.65580000000001 -23.9764))"
1,7,"POLYGON ((-46.6368 -23.9764, -46.6368 -23.9439, -46.65580000000001 -23.9439, -46.65580000000001 -23.9764, -46.6368 -23.9764))"
1,8,"POLYGON ((-46.6178 -23.9764, -46.6178 -23.9439, -46.6368 -23.9439, -46.6368 -23.9764, -46.6178 -23.9764))"
1,9,"POLYGON ((-46.5988 -23.9764, -46.5988 -23.9439, -46.6178 -23.9439, -46.6178 -23.9764, -46.5988 -23.9764))"
1,10,"POLYGON ((-46.57980000000001 -23.9764, -46.57980000000001 -23.9439, -46.5988 -23.9439, -46.5988 -23.9764, -46.57980000000001 -23.9764))"
1,11,"POLYGON ((-46.56080000000001 -23.9764, -46.56080000000001 -23.9439, -46.57980000000001 -23.9439, -46.57980000000001 -23.9764, -46.56080000000001 -23.9764))"
1,12,"POLYGON ((-46.5418 -23.9764, -46.5418 -23.9439, -46.56080000000001 -23.9439, -46.56080000000001 -23.9764, -46.5418 -23.9764))"
1,13,"POLYGON ((-46.5228 -23.9764, -46.5228 -23.9439, -46.5418 -23.9439, -46.5418 -23.9764, -46.5228 -23.9764))"
1,14,"POLYGON ((-46.50380000000001 -23.9764, -46.50380000000001 -23.9439, -46.5228 -23.9439, -46.5228 -23.9764, -46.50380000000001 -23.9764))"
1,15,"POLYGON ((-46.48480000000001 -23.9764, -46.48480000000001 -23.9439, -46.50380000000001 -23.9439, -46.50380000000001 -23.9764, -46.48480000000001 -23.9764))"
1,16,"POLYGON ((-46.46580000000001 -23.9764, -46.46580000000001 -23.9439, -46.48480000000001 -23.9439, -46.48480000000001 -23.9764, -46.46580000000001 -23.9764))"
1,17,"POLYGON ((-46.4468 -23.9764, -46.4468 -23.9439, -46.46580000000001 -23.9439, -46.46580000000001 -23.9764, -46.4468 -23.9764))"
1,18,"POLYGON ((-46.4278 -23.9764, -46.4278 -23.9439, -46.4468 -23.9439, -46.4468 -23.9764, -46.4278 -23.9764))"
1,19,"POLYGON ((-46.40880000000001 -23.9764, -46.40880000000001 -23.9439, -46.4278 -23.9439, -46.4278 -23.9764, -46.40880000000001 -23.9764))"
2,0,"POLYGON ((-46.7698 -23.9439, -46.7698 -23.9114, -46.7888 -23.9114, -46.7888 -23.9439, -46.7698 -23.9439))"
2,1,"POLYGON ((-46.75080000000001 -23.9439, -46.75080000000001 -23.9114, -46.7698 -23.9114, -46.7698 -23.9439, -46.75080000000001 -23.9439))"
2,2,"POLYGON ((-46.7318 -23.9439, -46.7318 -23.9114, -46.75080000000001 -23.9114, -46.75080000000001 -23.9439, -46.7318 -23.9439))"
2,3,"POLYGON ((-46.7128 -23.9439, -46.7128 -23.9114, -46.7318 -23.9114, -46.7318 -23.9439, -46.7128 -23.9439))"
2,4,"POLYGON ((-46.6938 -23.9439, -46.6938 -23.9114, -46.7128 -23.9114, -46.7128 -23.9439, -46.6938 -23.9439))"
2,5,"POLYGON ((-46.6748 -23.9439, -46.6748 -23.9114, -46.6938 -23.9114, -46.6938 -23.9439, -46.6748 -23.9439))"
2,6,"POLYGON ((-46.65580000000001 -23.9439, -46.65580000000001 -23.9114, -46.6748 -23.9114, -46.6748 -23.9439, -46.65580000000001 -23.9439))"
2,7,"POLYGON ((-46.6368 -23.9439, -46.6368 -23.9114, -46.65580000000001 -23.9114, -46.65580000000001 -23.9439, -46.6368 -23.9439))"
2,8,"POLYGON ((-46.6178 -23.9439, -46.6178 -23.9114, -46.6368 -23.9114, -46.6368 -23.9439, -46.6178 -23.9439))"
2,9,"POLYGON ((-46.5988 -23.9439, -46.5988 -23.9114, -46.6178 -23.9114, -46.6178 -23.9439, -46.5988 -23.9439))"
2,10,"POLYGON ((-46.57980000000001 -23.9439, -46.57980000000001 -23.9114, -46.5988 -23.9114, -46.5988 -23.9439, -46.57980000000001 -23.9439))"
2,11,"POLYGON ((-46.56080000000001 -23.9439, -46.56080000000001 -23.9114, -46.57980000000001 -23.9114, -46.57980000000001 -23.9439, -46.56080000000001 -23.9439))"
2,12,"POLYGON ((-46.5418 -23.9439, -46.5418 -23.9114, -46.56080000000001 -23.9114, -46.56080000000001 -23.9439, -46.5418 -23.9439))"
2,13,"POLYGON ((-46.5228 -23.9439, -46.5228 -23.9114, -46.5418 -23.9114, -46.5418 -23.9439, -46.5228 -23.9439))"
2,14,"POLYGON ((-46.50380000000001 -23.9439, -46.50380000000001 -23.9114, -46.5228 -23.9114, -46.5228 -23.9439, -46.50380000000001 -23.9439))"
2,15,"POLYGON ((-46.48480000000001 -23.9439, -46.48480000000001 -23.9114, -46.50380000000001 -23.9114, -46.50380000000001 -23.9439, -46.48480000000001 -23.9439))"
2,16,"POLYGON ((-46.46580000000001 -23.9439, -46.46580000000001 -23.9114, -46.48480000000001 -23.9114, -46.48480000000001 -23.9439, -46.46580000000001 -23.9439))"
2,17,"POLYGON ((-46.4468 -23.9439, -46.4468 -23.9114, -46.46580000000001 -23.9114, -46.46580000000001 -23.9439, -46.4468 -23.9439))"
2,18,"POLYGON ((-46.4278 -23.9439, -46.4278 -23.9114, -46.4468 -23.9114, -46.4468 -23.9439, -46.4278 -23.9439))"
2,19,"POLYGON ((-46.40880000000001 -23.9439, -46.40880000000001 -23.9114, -46.4278 -23.9114, -46.4278 -23.9439, -46.40880000000001 -23.9439))"
3,0,"POLYGON ((-46.7698 -23.9114, -46.7698 -23.8789, -46.7888 -23.8789, -46.7888 -23.9114, -46.7698 -23.9114))"
3,1,"POLYGON ((-46.75080000000001 -23.9114, -46.75080000000001 -23.8789, -46.7698 -23.8789, -46.7698 -23.9114, -46.75080000000001 -23.9114))"
3,2,"POLYGON ((-46.7318 -23.9114, -46.7318 -23.8789, -46.75080000000001 -23.8789, -46.75080000000001 -23.9114, -46.7318 -23.9114))"
3,3,"POLYGON ((-46.7128 -23.9114, -46.7128 -23.8789, -46.7318 -23.8789, -46.7318 -23.9114, -46.7128 -23.9114))"
3,4,"POLYGON ((-46.6938 -23.9114, -46.6938 -23.8789, -46.7128 -23.8789, -46.7128 -23.9114, -46.6938 -23.9114))"
3,5,"POLYGON ((-46.6748 -23.9114, -46.6748 -23.8789, -46.6938 -23.8789, -46.6938 -23.9114, -46.6748 -23.9114))"
3,6,"POLYGON ((-46.65580000000001 -23.9114, -46.65580000000001 -23.8789, -46.6748 -23.8789, -46.6748 -23.9114, -46.65580000000001 -23.9114))"
3,7,"POLYGON ((-46.6368 -23.9114, -46.6368 -23.8789, -46.65580000000001 -23.8789, -46.65580000000001 -23.9114, -46.6368 -23.9114))"
3,8,"POLYGON ((-46.6178 -23.9114, -46.6178 -23.8789, -46.6368 -23.8789, -46.6368 -23.9114, -46.6178 -23.9114))"
3,9,"POLYGON ((-46.5988 -23.9114, -46.5988 -23.8789, -46.6178 -23.8789, -46.6178 -23.9114, -46.5988 -23.9114))"
3,10,"POLYGON ((-46.57980000000001 -23.9114, -46.57980000000001 -23.8789, -46.5988 -23.8789, -46.5988 -23.9114, -46.57980000000001 -23.9114))"
3,11,"POLYGON ((-46.56080000000001 -23.9114, -46.56080000000001 -23.8789, -46.57980000000001 -23.8789, -46.57980000000001 -23.9114, -46.56080000000001 -23.9114))"
3,12,"POLYGON ((-46.5418 -23.9114, -46.5418 -23.8789, -46.56080000000001 -23.8789, -46.56080000000001 -23.9114, -46.5418 -23.9114))"
3,13,"POLYGON ((-46.5228 -23.9114, -46.5228 -23.8789, -46.5418 -23.8789, -46.5418 -23.9114, -46.5228 -23.9114))"
3,14,"POLYGON ((-46.50380000000001 -23.9114, -46.50380000000001 -23.8789, -46.5228 -23.8789, -46.5228 -23.9114, -46.50380000000001 -23.9114))"
3,15,"POLYGON ((-46.48480000000001 -23.9114, -46.48480000000001 -23.8789, -46.50380000000001 -23.8789, -46.50380000000001 -23.9114, -46.48480000000001 -23.9114))"
3,16,"POLYGON ((-46.46580000000001 -23.9114, -46.46580000000001 -23.8789, -46.48480000000001 -23.8789, -46.48480000000001 -23.9114, -46.46580000000001 -23.9114))"
3,17,"POLYGON ((-46.4468 -23.9114, -46.4468 -23.8789, -46.46580000000001 -23.8789, -46.46580000000001 -23.9114, -46.4468 -23.9114))"
3,18,"POLYGON ((-46.4278 -23.9114, -46.4278 -23.8789, -46.4468 -23.8789, -46.4468 -23.9114, -46.4278 -23.9114))"
3,19,"POLYGON ((-46.40880000000001 -23.9114, -46.40880000000001 -23.8789, -46.4278 -23.8789, -46.4278 -23.9114, -46.40880000000001 -23.9114))"
4,0,"POLYGON ((-46.7698 -23.8789, -46.7698 -23.8464, -46.7888 -23.8464, -46.7888 -23.8789, -46.7698 -23.8789))"
4,1,"POLYGON ((-46.75080000000001 -23.8789, -46.75080000000001 -23.8464, -46.7698 -23.8464, -46.7698 -23.8789, -46.75080000000001 -23.8789))"
4,2,"POLYGON ((-46.7318 -23.8789, -46.7318 -23.8464, -46.75080000000001 -23.8464, -46.75080000000001 -23.8789, -46.7318 -23.8789))"
4,3,"POLYGON ((-46.7128 -23.8789, -46.7128 -23.8464, -46.7318 -23.8464, -46.7318 -23.8789, -46.7128 -23.8789))"
4,4,"POLYGON ((-46.6938 -23.8789, -46.6938 -23.8464, -46.7128 -23.8464, -46.7128 -23.8789, -46.6938 -23.8789))"
4,5,"POLYGON ((-46.6748 -23.8789, -46.6748 -23.8464, -46.6938 -23.8464, -46.6938 -23.8789, -46.6748 -23.8789))"
4,6,"POLYGON ((-46.65580000000001 -23.8789, -46.65580000000001 -23.8464, -46.6748 -23.8464, -46.6748 -23.8789, -46.65580000000001 -23.8789))"
4,7,"POLYGON ((-46.6368 -23.8789, -46.6368 -23.8464, -46.65580000000001 -23.8464, -46.65580000000001 -23.8789, -46.6368 -23.8789))"
4,8,"POLYGON ((-46.6178 -23.8789, -46.6178 -23.8464, -46.6368 -23.8464, -46.6368 -23.8789, -46.6178 -23.8789))"
4,9,"POLYGON ((-46.5988 -23.8789, -46.5988 -23.8464, -46.6178 -23.8464, -46.6178 -23.8789, -46.5988 -23.8789))"
4,10,"POLYGON ((-46.57980000000001 -23.8789, -46.57980000000001 -23.8464, -46.5988 -23.8464, -46.5988 -23.8789, -46.57980000000001 -23.8789))"
4,11,"POLYGON ((-46.56080000000001 -23.8789, -46.56080000000001 -23.8464, -46.57980000000001 -23.8464, -46.57980000000001 -23.8789, -46.56080000000001 -23.8789))"
4,12,"POLYGON ((-46.5418 -23.8789, -46.5418 -23.8464, -46.56080000000001 -23.8464, -46.56080000000001 -23.8789, -46.5418 -23.8789))"
4,13,"POLYGON ((-46.5228 -23.8789, -46.5228 -23.8464, -46.5418 -23.8464, -46.5418 -23.8789, -46.5228 -23.8789))"
4,14,"POLYGON ((-46.50380000000001 -23.8789, -46.50380000000001 -23.8464, -46.5228 -23.8464, -46.5228 -23.8789, -46.50380000000001 -23.8789))"
4,15,"POLYGON ((-46.48480000000001 -23.8789, -46.48480000000001 -23.8464, -46.50380000000001 -23.8464, -46.50380000000001 -23.8789, -46.48480000000001 -23.8789))"
4,16,"POLYGON ((-46.46580000000001 -23.8789, -46.46580000000001 -23.8464, -46.48480000000001 -23.8464, -46.48480000000001 -23.8789, -46.46580000000001 -23.8789))"
4,17,"POLYGON ((-46.4468 -23.8789, -46.4468 -23.8464, -46.46580000000001 -23.8464, -46.46580000000001 -23.8789, -46.4468 -23.8789))"
4,18,"POLYGON ((-46.4278 -23.8789, -46.4278 -23.8464, -46.4468 -23.8464, -46.4468 -23.8789, -46.4278 -23.8789))"
4,19,"POLYGON ((-46.40880000000001 -23.8789, -46.40880000000001 -23.8464, -46.4278 -23.8464, -46.4278 -23.8789, -46.40880000000001 -23.8789))"
5,0,"POLYGON ((-46.7698 -23.8464, -46.7698 -23.8139, -46.7888 -23.8139, -46.7888 -23.8464, -46.7698 -23.8464))"
5,1,"POLYGON ((-46.75080000000001 -23.8464, -46.75080000000001 -23.8139, -46.7698 -23.8139, -46.7698 -23.8464, -46.75080000000001 -23.8464))"
5,2,"POLYGON ((-46.7318 -23.8464, -46.7318 -23.8139, -46.75080000000001 -23.8139, -46.75080000000001 -23.8464, -46.7318 -23.8464))"
5,3,"POLYGON ((-46.7128 -23.8464, -46.7128 -23.8139, -46.7318 -23.8139, -46.7318 -23.8464, -46.7128 -23.8464))"
5,4,"POLYGON ((-46.6938 -23.8464, -46.6938 -23.8139, -46.7128 -23.8139, -46.7128 -23.8464, -46.6938 -23.8464))"
5,5,"POLYGON ((-46.6748 -23.8464, -46.6748 -23.8139, -46.6938 -23.8139, -46.6938 -23.8464, -46.6748 -23.8464))"
5,6,"POLYGON ((-46.65580000000001 -23.8464, -46.65580000000001 -23.8139, -46.6748 -23.8139, -46.6748 -23.8464, -46.65580000000001 -23.8464))"
5,7,"POLYGON ((-46.6368 -23.8464, -46.6368 -23.8139, -46.65580000000001 -23.8139, -46.65580000000001 -23.8464, -46.6368 -23.8464))"
5,8,"POLYGON ((-46.6178 -23.8464, -46.6178 -23.8139, -46.6368 -23.8139, -46.6368 -23.8464, -46.6178 -23.8464))"
5,9,"POLYGON ((-46.5988 -23.8464, -46.5988 -23.8139, -46.6178 -23.8139, -46.6178 -23.8464, -46.5988 -23.8464))"
5,10,"POLYGON ((-46.57980000000001 -23.8464, -46.57980000000001 -23.8139, -46.5988 -23.8139, -46.5988 -23.8464, -46.57980000000001 -23.8464))"
5,11,"POLYGON ((-46.56080000000001 -23.8464, -46.56080000000001 -23.8139, -46.57980000000001 -23.8139, -46.57980000000001 -23.8464, -46.56080000000001 -23.8464))"
5,12,"POLYGON ((-46.5418 -23.8464, -46.5418 -23.8139, -46.56080000000001 -23.8139, -46.56080000000001 -23.8464, -46.5418 -23.8464))"
5,13,"POLYGON ((-46.5228 -23.8464, -46.5228 -23.8139, -46.5418 -23.8139, -46.5418 -23.8464, -46.5228 -23.8464))"
5,14,"POLYGON ((-46.50380000000001 -23.8464, -46.50380000000001 -23.8139, -46.5228 -23.8139, -46.5228 -23.8464, -46.50380000000001 -23.8464))"
5,15,"POLYGON ((-46.48480000000001 -23.8464, -46.48480000000001 -23.8139, -46.50380000000001 -23.8139, -46.50380000000001 -23.8464, -46.48480000000001 -23.8464))"
5,16,"POLYGON ((-46.46580000000001 -23.8464, -46.46580000000001 -23.8139, -46.48480000000001 -23.8139, -46.48480000000001 -23.8464, -46.46580000000001 -23.8464))"
5,17,"POLYGON ((-46.4468 -23.8464, -46.4468 -23.8139, -46.46580000000001 -23.8139, -46.46580000000001 -23.8464, -46.4468 -23.8464))"
5,18,"POLYGON ((-46.4278 -23.8464, -46.4278 -23.8139, -46.4468 -23.8139, -46.4468 -23.8464, -46.4278 -23.8464))"
5,19,"POLYGON ((-46.40880000000001 -23.8464, -46.40880000000001 -23.8139, -46.4278 -23.8139, -46.4278 -23.8464, -46.40880000000001 -23.8464))"
6,0,"POLYGON ((-46.7698 -23.8139, -46.7698 -23.7814, -46.7888 -23.7814, -46.7888 -23.8139, -46.7698 -23.8139))"
6,1,"POLYGON ((-46.75080000000001 -23.8139, -46.75080000000001 -23.7814, -46.7698 -23.7814, -46.7698 -23.8139, -46.75080000000001 -23.8139))"
6,2,"POLYGON ((-46.7318 -23.8139, -46.7318 -23.7814, -46.75080000000001 -23.7814, -46.75080000000001 -23.8139, -46.7318 -23.8139))"
6,3,"POLYGON ((-46.7128 -23.8139, -46.7128 -23.7814, -46.7318 -23.7814, -46.7318 -23.8139, -46.7128 -23.8139))"
6,4,"POLYGON ((-46.6938 -23.8139, -46.6938 -23.7814, -46.7128 -23.7814, -46.7128 -23.8139, -46.6938 -23.8139))"
6,5,"POLYGON ((-46.6748 -23.8139, -46.6748 -23.7814, -46.6938 -23.7814, -46.6938 -23.8139, -46.6748 -23.8139))"
6,6,"POLYGON ((-46.65580000000001 -23.8139, -46.65580000000001 -23.7814, -46.6748 -23.7814, -46.6748 -23.8139, -46.65580000000001 -23.8139))"
6,7,"POLYGON ((-46.6368 -23.8139, -46.6368 -23.7814, -46.65580000000001 -23.7814, -46.65580000000001 -23.8139, -46.6368 -23.8139))"
6,8,"POLYGON ((-46.6178 -23.8139, -46.6178 -23.7814, -46.6368 -23.7814, -46.6368 -23.8139, -46.6178 -23.8139))"
6,9,"POLYGON ((-46.5988 -23.8139, -46.5988 -23.7814, -46.6178 -23.7814, -46.6178 -23.8139, -46.5988 -23.8139))"
6,10,"POLYGON ((-46.57980000000001 -23.8139, -46.57980000000001 -23.7814, -46.5988 -23.7814, -46.5988 -23.8139, -46.57980000000001 -23.8139))"
6,11,"POLYGON ((-46.56080000000001 -23.8139, -46.56080000000001 -23.7814, -46.57980000000001 -23.7814, -46.57980000000001 -23.8139, -46.56080000000001 -23.8139))"
6,12,"POLYGON ((-46.5418 -23.8139, -46.5418 -23.7814, -46.56080000000001 -23.7814, -46.56080000000001 -23.8139, -46.5418 -23.8139))"
6,13,"POLYGON ((-46.5228 -23.8139, -46.5228 -23.7814, -46.5418 -23.7814, -46.5418 -23.8139, -46.5228 -23.8139))"
6,14,"POLYGON ((-46.50380000000001 -23.8139, -46.50380000000001 -23.7814, -46.5228 -23.7814, -46.5228 -23.8139, -46.50380000000001 -23.8139))"
6,15,"POLYGON ((-46.48480000000001 -23.8139, -46.48480000000001 -23.7814, -46.50380000000001 -23.7814, -46.50380000000001 -23.8139, -46.48480000000001 -23.8139))"
6,16,"POLYGON ((-46.46580000000001 -23.8139, -46.46580000000001 -23.7814, -46.48480000000001 -23.7814, -46.48480000000001 -23.8139, -46.46580000000001 -23.8139))"
6,17,"POLYGON ((-46.4468 -23.8139, -46.4468 -23.7814, -46.46580000000001 -23.7814, -46.46580000000001 -23.8139, -46.4468 -23.8139))"
6,18,"POLYGON ((-46.4278 -23.8139, -46.4278 -23.7814, -46.4468 -23.7814, -46.4468 -23.8139, -46.4278 -23.8139))"
6,19,"POLYGON ((-46.40880000000001 -23.8139, -46.40880000000001 -23.7814, -46.4278 -23.7814, -46.4278 -23.8139, -46.40880000000001 -23.8139))"
7,0,"POLYGON ((-46.7698 -23.7814, -46.7698 -23.7489, -46.7888 -23.7489, -46.7888 -23.7814, -46.7698 -23.7814))"
7,1,"POLYGON ((-46.75080000000001 -23.7814, -46.75080000000001 -23.7489, -46.7698 -23.7489, -46.7698 -23.7814, -46.75080000000001 -23.7814))"
7,2,"POLYGON ((-46.7318 -23.7814, -46.7318 -23.7489, -46.75080000000001 -23.7489, -46.75080000000001 -23.7814, -46.7318 -23.7814))"
7,3,"POLYGON ((-46.7128 -23.7814, -46.7128 -23.7489, -46.7318 -23.7489, -46.7318 -23.7814, -46.7128 -23.7814))"
7,4,"POLYGON ((-46.6938 -23.7814, -46.6938 -23.7489, -46.7128 -23.7489, -46.7128 -23.7814, -46.6938 -23.7814))"
7,5,"POLYGON ((-46.6748 -23.7814, -46.6748 -23.7489, -46.6938 -23.7489, -46.6938 -23.7814, -46.6748 -23.7814))"
7,6,"POLYGON ((-46.65580000000001 -23.7814, -46.65580000000001 -23.7489, -46.6748 -23.7489, -46.6748 -23.7814, -46.65580000000001 -23.7814))"
7,7,"POLYGON ((-46.6368 -23.7814, -46.6368 -23.7489, -46.65580000000001 -23.7489, -46.65580000000001 -23.7814, -46.6368 -23.7814))"
7,8,"POLYGON ((-46.6178 -23.7814, -46.6178 -23.7489, -46.6368 -23.7489, -46.6368 -23.7814, -46.6178 -23.7814))"
7,9,"POLYGON ((-46.5988 -23.7814, -46.5988 -23.7489, -46.6178 -23.7489, -46.6178 -23.7814, -46.5988 -23.7814))"
7,10,"POLYGON ((-46.57980000000001 -23.7814, -46.57980000000001 -23.7489, -46.5988 -23.7489, -46.5988 -23.7814, -46.57980000000001 -23.7814))"
7,11,"POLYGON ((-46.56080000000001 -23.7814, -46.56080000000001 -23.7489, -46.57980000000001 -23.7489, -46.57980000000001 -23.7814, -46.56080000000001 -23.7814))"
7,12,"POLYGON ((-46.5418 -23.7814, -46.5418 -23.7489, -46.56080000000001 -23.7489, -46.56080000000001 -23.7814, -46.5418 -23.7814))"
7,13,"POLYGON ((-46.5228 -23.7814, -46.5228 -23.7489, -46.5418 -23.7489, -46.5418 -23.7814, -46.5228 -23.7814))"
7,14,"POLYGON ((-46.50380000000001 -23.7814, -46.50380000000001 -23.7489, -46.5228 -23.7489, -46.5228 -23.7814, -46.50380000000001 -23.7814))"
7,15,"POLYGON ((-46.48480000000001 -23.7814, -46.48480000000001 -23.7489, -46.50380000000001 -23.7489, -46.50380000000001 -23.7814, -46.48480000000001 -23.7814))"
7,16,"POLYGON ((-46.46580000000001 -23.7814, -46.46580000000001 -23.7489, -46.48480000000001 -23.7489, -46.48480000000001 -23.7814, -46.46580000000001 -23.7814))"
7,17,"POLYGON ((-46.4468 -23.7814, -46.4468 -23.7489, -46.46580000000001 -23.7489, -46.46580000000001 -23.7814, -46.4468 -23.7814))"
7,18,"POLYGON ((-46.4278 -23.7814, -46.4278 -23.7489, -46.4468 -23.7489, -46.4468 -23.7814, -46.4278 -23.7814))"
7,19,"POLYGON ((-46.40880000000001 -23.7814, -46.40880000000001 -23.7489, -46.4278 -23.7489, -46.4278 -23.7814, -46.40880000000001 -23.7814))"
8,0,"POLYGON ((-46.7698 -23.7489, -46.7698 -23.7164, -46.7888 -23.7164, -46.7888 -23.7489, -46.7698 -23.7489))"
8,1,"POLYGON ((-46.75080000000001 -23.7489, -46.75080000000001 -23.7164, -46.7698 -23.7164, -46.7698 -23.7489, -46.75080000000001 -23.7489))"
8,2,"POLYGON ((-46.7318 -23.7489, -46.7318 -23.7164, -46.75080000000001 -23.7164, -46.75080000000001 -23.7489, -46.7318 -23.7489))"
8,3,"POLYGON ((-46.7128 -23.7489, -46.7128 -23.7164, -46.7318 -23.7164, -46.7318 -23.7489, -46.7128 -23.7489))"
8,4,"POLYGON ((-46.6938 -23.7489, -46.6938 -23.7164, -46.7128 -23.7164, -46.7128 -23.7489, -46.6938 -23.7489))"
8,5,"POLYGON ((-46.6748 -23.7489, -46.6748 -23.7164, -46.6938 -23.7164, -46.6938 -23.7489, -46.6748 -23.7489))"
8,6,"POLYGON ((-46.65580000000001 -23.7489, -46.65580000000001 -23.7164, -46.6748 -23.7164, -46.6748 -23.7489, -46.65580000000001 -23.7489))"
8,7,"POLYGON ((-46.6368 -23.7489, -46.6368 -23.7164, -46.65580000000001 -23.7164, -46.65580000000001 -23.7489, -46.6368 -23.7489))"
8,8,"POLYGON ((-46.6178 -23.7489, -46.6178 -23.7164, -46.6368 -23.7164, -46.6368 -23.7489, -46.6178 -23.7489))"
8,9,"POLYGON ((-46.5988 -23.7489, -46.5988 -23.7164, -46.6178 -23.7164, -46.6178 -23.7489, -46.5988 -23.7489))"
8,10,"POLYGON ((-46.57980000000001 -23.7489, -46.57980000000001 -23.7164, -46.5988 -23.7164, -46.5988 -23.7489, -46.57980000000001 -23.7489))"
8,11,"POLYGON ((-46.56080000000001 -23.7489, -46.56080000000001 -23.7164, -46.57980000000001 -23.7164, -46.57980000000001 -23.7489, -46.56080000000001 -23.7489))"
8,12,"POLYGON ((-46.5418 -23.7489, -46.5418 -23.7164, -46.56080000000001 -23.7164, -46.56080000000001 -23.7489, -46.5418 -23.7489))"
8,13,"POLYGON ((-46.5228 -23.7489, -46.5228 -23.7164, -46.5418 -23.7164, -46.5418 -23.7489, -46.5228 -23.7489))"
8,14,"POLYGON ((-46.50380000000001 -23.7489, -46.50380000000001 -23.7164, -46.5228 -23.7164, -46.5228 -23.7489, -46.50380000000001 -23.7489))"
8,15,"POLYGON ((-46.48480000000001 -23.7489, -46.48480000000001 -23.7164, -46.50380000000001 -23.7164, -46.50380000000001 -23.7489, -46.48480000000001 -23.7489))"
8,16,"POLYGON ((-46.46580000000001 -23.7489, -46.46580000000001 -23.7164, -46.48480000000001 -23.7164, -46.48480000000001 -23.7489, -46.46580000000001 -23.7489))"
8,17,"POLYGON ((-46.4468 -23.7489, -46.4468 -23.7164, -46.46580000000001 -23.7164, -46.46580000000001 -23.7489, -46.4468 -23.7489))"
8,18,"POLYGON ((-46.4278 -23.7489, -46.4278 -23.7164, -46.4468 -23.7164, -46.4468 -23.7489, -46.4278 -23.7489))"
8,19,"POLYGON ((-46.40880000000001 -23.7489, -46.40880000000001 -23.7164, -46.4278 -23.7164, -46.4278 -23.7489, -46.40880000000001 -23.7489))"
9,0,"POLYGON ((-46.7698 -23.7164, -46.7698 -23.6839, -46.7888 -23.6839, -46.7888 -23.7164, -46.7698 -23.7164))"
9,1,"POLYGON ((-46.75080000000001 -23.7164, -46.75080000000001 -23.6839, -46.7698 -23.6839, -46.7698 -23.7164, -46.75080000000001 -23.7164))"
9,2,"POLYGON ((-46.7318 -23.7164, -46.7318 -23.6839, -46.75080000000001 -23.6839, -46.75080000000001 -23.7164, -46.7318 -23.7164))"
9,3,"POLYGON ((-46.7128 -23.7164, -46.7128 -23.6839, -46.7318 -23.6839, -46.7318 -23.7164, -46.7128 -23.7164))"
9,4,"POLYGON ((-46.6938 -23.7164, -46.6938 -23.6839, -46.7128 -23.6839, -46.7128 -23.7164, -46.6938 -23.7164))"
9,5,"POLYGON ((-46.6748 -23.7164, -46.6748 -23.6839, -46.6938 -23.6839, -46.6938 -23.7164, -46.6748 -23.7164))"
9,6,"POLYGON ((-46.65580000000001 -23.7164, -46.65580000000001 -23.6839, -46.6748 -23.6839, -46.6748 -23.7164, -46.65580000000001 -23.7164))"
9,7,"POLYGON ((-46.6368 -23.7164, -46.6368 -23.6839, -46.65580000000001 -23.6839, -46.65580000000001 -23.7164, -46.6368 -23.7164))"
9,8,"POLYGON ((-46.6178 -23.7164, -46.6178 -23.6839, -46.6368 -23.6839, -46.6368 -23.7164, -46.6178 -23.7164))"
9,9,"POLYGON ((-46.5988 -23.7164, -46.5988 -23.6839, -46.6178 -23.6839, -46.6178 -23.7164, -46.5988 -23.7164))"
9,10,"POLYGON ((-46.57980000000001 -23.7164, -46.57980000000001 -23.6839, -46.5988 -23.6839, -46.5988 -23.7164, -46.57980000000001 -23.7164))"
9,11,"POLYGON ((-46.56080000000001 -23.7164, -46.56080000000001 -23.6839, -46.57980000000001 -23.6839, -46.57980000000001 -23.7164, -46.56080000000001 -23.7164))"
9,12,"POLYGON ((-46.5418 -23.7164, -46.5418 -23.6839, -46.56080000000001 -23.6839, -46.56080000000001 -23.7164, -46.5418 -23.7164))"
9,13,"POLYGON ((-46.5228 -23.7164, -46.5228 -23.6839, -46.5418 -23.6839, -46.5418 -23.7164, -46.5228 -23.7164))"
9,14,"POLYGON ((-46.50380000000001 -23.7164, -46.50380000000001 -23.6839, -46.5228 -23.6839, -46.5228 -23.7164, -46.50380000000001 -23.7164))"
9,15,"POLYGON ((-46.48480000000001 -23.7164, -46.48480000000001 -23.6839, -46.50380000000001 -23.6839, -46.50380000000001 -23.7164, -46.48480000000001 -23.7164))"
9,16,"POLYGON ((-46.46580000000001 -23.7164, -46.46580000000001 -23.6839, -46.48480000000001 -23.6839, -46.48480000000001 -23.7164, -46.46580000000001 -23.7164))"
9,17,"POLYGON ((-46.4468 -23.7164, -46.4468 -23.6839, -46.46580000000001 -23.6839, -46.46580000000001 -23.7164, -46.4468 -23.7164))"
9,18,"POLYGON ((-46.4278 -23.7164, -46.4278 -23.6839, -46.4468 -23.6839, -46.4468 -23.7164, -46.4278 -23.7164))"
9,19,"POLYGON ((-46.40880000000001 -23.7164, -46.40880000000001 -23.6839, -46.4278 -23.6839, -46.4278 -23.7164, -46.40880000000001 -23.7164))"
10,0,"POLYGON ((-46.7698 -23.6839, -46.7698 -23.6514, -46.7888 -23.6514, -46.7888 -23.6839, -46.7698 -23.6839))"
10,1,"POLYGON ((-46.75080000000001 -23.6839, -46.75080000000001 -23.6514, -46.7698 -23.6514, -46.7698 -23.6839, -46.75080000000001 -23.6839))"
10,2,"POLYGON ((-46.7318 -23.6839, -46.7318 -23.6514, -46.75080000000001 -23.6514, -46.75080000000001 -23.6839, -46.7318 -23.6839))"
10,3,"POLYGON ((-46.7128 -23.6839, -46.7128 -23.6514, -46.7318 -23.6514, -46.7318 -23.6839, -46.7128 -23.6839))"
10,4,"POLYGON ((-46.6938 -23.6839, -46.6938 -23.6514, -46.7128 -23.6514, -46.7128 -23.6839, -46.6938 -23.6839))"
10,5,"POLYGON ((-46.6748 -23.6839, -46.6748 -23.6514, -46.6938 -23.6514, -46.6938 -23.6839, -46.6748 -23.6839))"
10,6,"POLYGON ((-46.65580000000001 -23.6839, -46.65580000000001 -23.6514, -46.6748 -23.6514, -46.6748 -23.6839, -46.65580000000001 -23.6839))"
10,7,"POLYGON ((-46.6368 -23.6839, -46.6368 -23.6514, -46.65580000000001 -23.6514, -46.65580000000001 -23.6839, -46.6368 -23.6839))"
10,8,"POLYGON ((-46.6178 -23.6839, -46.6178 -23.6514, -46.6368 -23.6514, -46.6368 -23.6839, -46.6178 -23.6839))"
10,9,"POLYGON ((-46.5988 -23.6839, -46.5988 -23.6514, -46.6178 -23.6514, -46.6178 -23.6839, -46.5988 -23.6839))"
10,10,"POLYGON ((-46.57980000000001 -23.6839, -46.57980000000001 -23.6514, -46.5988 -23.6514, -46.5988 -23.6839, -46.57980000000001 -23.6839))"
10,11,"POLYGON ((-46.56080000000001 -23.6839, -46.56080000000001 -23.6514, -46.57980000000001 -23.6514, -46.57980000000001 -23.6839, -46.56080000000001 -23.6839))"
10,12,"POLYGON ((-46.5418 -23.6839, -46.5418 -23.6514, -46.56080000000001 -23.6514, -46.56080000000001 -23.6839, -46.5418 -23.6839))"
10,13,"POLYGON ((-46.5228 -23.6839, -46.5228 -23.6514, -46.5418 -23.6514, -46.5418 -23.6839, -46.5228 -23.6839))"
10,14,"POLYGON ((-46.50380000000001 -23.6839, -46.50380000000001 -23.6514, -46.5228 -23.6514, -46.5228 -23.6839, -46.50380000000001 -23.6839))"
10,15,"POLYGON ((-46.48480000000001 -23.6839, -46.48480000000001 -23.6514, -46.50380000000001 -23.6514, -46.50380000000001 -23.6839, -46.48480000000001 -23.6839))"
10,16,"POLYGON ((-46.46580000000001 -23.6839, -46.46580000000001 -23.6514, -46.48480000000001 -23.6514, -46.48480000000001 -23.6839, -46.46580000000001 -23.6839))"
10,17,"POLYGON ((-46.4468 -23.6839, -46.4468 -23.6514, -46.46580000000001 -23.6514, -46.46580000000001 -23.6839, -46.4468 -23.6839))"
10,18,"POLYGON ((-46.4278 -23.6839, -46.4278 -23.6514, -46.4468 -23.6514, -46.4468 -23.6839, -46.4278 -23.6839))"
10,19,"POLYGON ((-46.40880000000001 -23.6839, -46.40880000000001 -23.6514, -46.4278 -23.6514, -46.4278 -23.6839, -46.40880000000001 -23.6839))"
11,0,"POLYGON ((-46.7698 -23.6514, -46.7698 -23.6189, -46.7888 -23.6189, -46.7888 -23.6514, -46.7698 -23.6514))"
11,1,"POLYGON ((-46.75080000000001 -23.6514, -46.75080000000001 -23.6189, -46.7698 -23.6189, -46.7698 -23.6514, -46.75080000000001 -23.6514))"
11,2,"POLYGON ((-46.7318 -23.6514, -46.7318 -23.6189, -46.75080000000001 -23.6189, -46.75080000000001 -23.6514, -46.7318 -23.6514))"
11,3,"POLYGON ((-46.7128 -23.6514, -46.7128 -23.6189, -46.7318 -23.6189, -46.7318 -23.6514, -46.7128 -23.6514))"
11,4,"POLYGON ((-46.6938 -23.6514, -46.6938 -23.6189, -46.7128 -23.6189, -46.7128 -23.6514, -46.6938 -23.6514))"
11,5,"POLYGON ((-46.6748 -23.6514, -46.6748 -23.6189, -46.6938 -23.6189, -46.6938 -23.6514, -46.6748 -23.6514))"
11,6,"POLYGON ((-46.65580000000001 -23.6514, -46.65580000000001 -23.6189, -46.6748 -23.6189, -46.6748 -23.6514, -46.65580000000001 -23.6514))"
11,7,"POLYGON ((-46.6368 -23.6514, -46.6368 -23.6189, -46.65580000000001 -23.6189, -46.65580000000001 -23.6514, -46.6368 -23.6514))"
11,8,"POLYGON ((-46.6178 -23.6514, -46.6178 -23.6189, -46.6368 -23.6189, -46.6368 -23.6514, -46.6178 -23.6514))"
11,9,"POLYGON ((-46.5988 -23.6514, -46.5988 -23.6189, -46.6178 -23.6189, -46.6178 -23.6514, -46.5988 -23.6514))"
11,10,"POLYGON ((-46.57980000000001 -23.6514, -46.57980000000001 -23.6189, -46.5988 -23.6189, -46.5988 -23.6514, -46.57980000000001 -23.6514))"
11,11,"POLYGON ((-46.56080000000001 -23.6514, -46.56080000000001 -23.6189, -46.57980000000001 -23.6189, -46.57980000000001 -23.6514, -46.56080000000001 -23.6514))"
11,12,"POLYGON ((-46.5418 -23.6514, -46.5418 -23.6189, -46.56080000000001 -23.6189, -46.56080000000001 -23.6514, -46.5418 -23.6514))"
11,13,"POLYGON ((-46.5228 -23.6514, -46.5228 -23.6189, -46.5418 -23.6189, -46.5418 -23.6514, -46.5228 -23.6514))"
11,14,"POLYGON ((-46.50380000000001 -23.6514, -46.50380000000001 -23.6189, -46.5228 -23.6189, -46.5228 -23.6514, -46.50380000000001 -23.6514))"
11,15,"POLYGON ((-46.48480000000001 -23.6514, -46.48480000000001 -23.6189, -46.50380000000001 -23.6189, -46.50380000000001 -23.6514, -46.48480000000001 -23.6514))"
11,16,"POLYGON ((-46.46580000000001 -23.6514, -46.46580000000001 -23.6189, -46.48480000000001 -23.6189, -46.48480000000001 -23.6514, -46.46580000000001 -23.6514))"
11,17,"POLYGON ((-46.4468 -23.6514, -46.4468 -23.6189, -46.46580000000001 -23.6189, -46.46580000000001 -23.6514, -46.4468 -23.6514))"
11,18,"POLYGON ((-46.4278 -23.6514, -46.4278 -23.6189, -46.4468 -23.6189, -46.4468 -23.6514, -46.4278 -23.6514))"
11,19,"POLYGON ((-46.40880000000001 -23.6514, -46.40880000000001 -23.6189, -46.4278 -23.6189, -46.4278 -23.6514, -46.40880000000001 -23.6514))"
12,0,"POLYGON ((-46.7698 -23.6189, -46.7698 -23.5864, -46.7888 -23.5864, -46.7888 -23.6189, -46.7698 -23.6189))"
12,1,"POLYGON ((-46.75080000000001 -23.6189, -46.75080000000001 -23.5864, -46.7698 -23.5864, -46.7698 -23.6189, -46.75080000000001 -23.6189))"
12,2,"POLYGON ((-46.7318 -23.6189, -46.7318 -23.5864, -46.75080000000001 -23.5864, -46.75080000000001 -23.6189, -46.7318 -23.6189))"
12,3,"POLYGON ((-46.7128 -23.6189, -46.7128 -23.5864, -46.7318 -23.5864, -46.7318 -23.6189, -46.7128 -23.6189))"
12,4,"POLYGON ((-46.6938 -23.6189, -46.6938 -23.5864, -46.7128 -23.5864, -46.7128 -23.6189, -46.6938 -23.6189))"
12,5,"POLYGON ((-46.6748 -23.6189, -46.6748 -23.5864, -46.6938 -23.5864, -46.6938 -23.6189, -46.6748 -23.6189))"
12,6,"POLYGON ((-46.65580000000001 -23.6189, -46.65580000000001 -23.5864, -46.6748 -23.5864, -46.6748 -23.6189, -46.65580000000001 -23.6189))"
12,7,"POLYGON ((-46.6368 -23.6189, -46.6368 -23.5864, -46.65580000000001 -23.5864, -46.65580000000001 -23.6189, -46.6368 -23.6189))"
12,8,"POLYGON ((-46.6178 -23.6189, -46.6178 -23.5864, -46.6368 -23.5864, -46.6368 -23.6189, -46.6178 -23.6189))"
12,9,"POLYGON ((-46.5988 -23.6189, -46.5988 -23.5864, -46.6178 -23.5864, -46.6178 -23.6189, -46.5988 -23.6189))"
12,10,"POLYGON ((-46.57980000000001 -23.6189, -46.57980000000001 -23.5864, -46.5988 -23.5864, -46.5988 -23.6189, -46.57980000000001 -23.6189))"
12,11,"POLYGON ((-46.56080000000001 -23.6189, -46.56080000000001 -23.5864, -46.57980000000001 -23.5864, -46.57980000000001 -23.6189, -46.56080000000001 -23.6189))"
12,12,"POLYGON ((-46.5418 -23.6189, -46.5418 -23.5864, -46.56080000000001 -23.5864, -46.56080000000001 -23.6189, -46.5418 -23.6189))"
12,13,"POLYGON ((-46.5228 -23.6189, -46.5228 -23.5864, -46.5418 -23.5864, -46.5418 -23.6189, -46.5228 -23.6189))"
12,14,"POLYGON ((-46.50380000000001 -23.6189, -46.50380000000001 -23.5864, -46.5228 -23.5864, -46.5228 -23.6189, -46.50380000000001 -23.6189))"
12,15,"POLYGON ((-46.48480000000001 -23.6189, -46.48480000000001 -23.5864, -46.50380000000001 -23.5864, -46.50380000000001 -23.6189, -46.48480000000001 -23.6189))"
12,16,"POLYGON ((-46.46580000000001 -23.6189, -46.46580000000001 -23.5864, -46.48480000000001 -23.5864, -46.48480000000001 -23.6189, -46.46580000000001 -23.6189))"
12,17,"POLYGON ((-46.4468 -23.6189, -46.4468 -23.5864, -46.46580000000001 -23.5864, -46.46580000000001 -23.6189, -46.4468 -23.6189))"
12,18,"POLYGON ((-46.4278 -23.6189, -46.4278 -23.5864, -46.4468 -23.5864, -46.4468 -23.6189, -46.4278 -23.6189))"
12,19,"POLYGON ((-46.40880000000001 -23.6189, -46.40880000000001 -23.5864, -46.4278 -23.5864, -46.4278 -23.6189, -46.40880000000001 -23.6189))"
13,0,"POLYGON ((-46.7698 -23.5864, -46.7698 -23.5539, -46.7888 -23.5539, -46.7888 -23.5864, -46.7698 -23.5864))"
13,1,"POLYGON ((-46.75080000000001 -23.5864, -46.75080000000001 -23.5539, -46.7698 -23.5539, -46.7698 -23.5864, -46.75080000000001 -23.5864))"
13,2,"POLYGON ((-46.7318 -23.5864, -46.7318 -23.5539, -46.75080000000001 -23.5539, -46.75080000000001 -23.5864, -46.7318 -23.5864))"
13,3,"POLYGON ((-46.7128 -23.5864, -46.7128 -23.5539, -46.7318 -23.5539, -46.7318 -23.5864, -46.7128 -23.5864))"
13,4,"POLYGON ((-46.6938 -23.5864, -46.6938 -23.5539, -46.7128 -23.5539, -46.7128 -23.5864, -46.6938 -23.5864))"
13,5,"POLYGON ((-46.6748 -23.5864, -46.6748 -23.5539, -46.6938 -23.5539, -46.6938 -23.5864, -46.6748 -23.5864))"
13,6,"POLYGON ((-46.65580000000001 -23.5864, -46.65580000000001 -23.5539, -46.6748 -23.5539, -46.6748 -23.5864, -46.65580000000001 -23.5864))"
13,7,"POLYGON ((-46.6368 -23.5864, -46.6368 -23.5539, -46.65580000000001 -23.5539, -46.65580000000001 -23.5864, -46.6368 -23.5864))"
13,8,"POLYGON ((-46.6178 -23.5864, -46.6178 -23.5539, -46.6368 -23.5539, -46.6368 -23.5864, -46.6178 -23.5864))"
13,9,"POLYGON ((-46.5988 -23.5864, -46.5988 -23.5539, -46.6178 -23.5539, -46.6178 -23.5864, -46.5988 -23.5864))"
13,10,"POLYGON ((-46.57980000000001 -23.5864, -46.57980000000001 -23.5539, -46.5988 -23.5539, -46.5988 -23.5864, -46.57980000000001 -23.5864))"
13,11,"POLYGON ((-46.56080000000001 -23.5864, -46.56080000000001 -23.5539, -46.57980000000001 -23.5539, -46.57980000000001 -23.5864, -46.56080000000001 -23.5864))"
13,12,"POLYGON ((-46.5418 -23.5864, -46.5418 -23.5539, -46.56080000000001 -23.5539, -46.56080000000001 -23.5864, -46.5418 -23.5864))"
13,13,"POLYGON ((-46.5228 -23.5864, -46.5228 -23.5539, -46.5418 -23.5539, -46.5418 -23.5864, -46.5228 -23.5864))"
13,14,"POLYGON ((-46.50380000000001 -23.5864, -46.50380000000001 -23.5539, -46.5228 -23.5539, -46.5228 -23.5864, -46.50380000000001 -23.5864))"
13,15,"POLYGON ((-46.48480000000001 -23.5864, -46.48480000000001 -23.5539, -46.50380000000001 -23.5539, -46.50380000000001 -23.5864, -46.48480000000001 -23.5864))"
13,16,"POLYGON ((-46.46580000000001 -23.5864, -46.46580000000001 -23.5539, -46.48480000000001 -23.5539, -46.48480000000001 -23.5864, -46.46580000000001 -23.5864))"
13,17,"POLYGON ((-46.4468 -23.5864, -46.4468 -23.5539, -46.46580000000001 -23.5539, -46.46580000000001 -23.5864, -46.4468 -23.5864))"
13,18,"POLYGON ((-46.4278 -23.5864, -46.4278 -23.5539, -46.4468 -23.5539, -46.4468 -23.5864, -46.4278 -23.5864))"
13,19,"POLYGON ((-46.40880000000001 -23.5864, -46.40880000000001 -23.5539, -46.4278 -23.5539, -46.4278 -23.5864, -46.40880000000001 -23.5864))"
14,0,"POLYGON ((-46.7698 -23.5539, -46.7698 -23.5214, -46.7888 -23.5214, -46.7888 -23.5539, -46.7698 -23.5539))"
14,1,"POLYGON ((-46.75080000000001 -23.5539, -46.75080000000001 -23.5214, -46.7698 -23.5214, -46.7698 -23.5539, -46.75080000000001 -23.5539))"
14,2,"POLYGON ((-46.7318 -23.5539, -46.7318 -23.5214, -46.75080000000001 -23.5214, -46.75080000000001 -23.5539, -46.7318 -23.5539))"
14,3,"POLYGON ((-46.7128 -23.5539, -46.7128 -23.5214, -46.7318 -23.5214, -46.7318 -23.5539, -46.7128 -23.5539))"
14,4,"POLYGON ((-46.6938 -23.5539, -46.6938 -23.5214, -46.7128 -23.5214, -46.7128 -23.5539, -46.6938 -23.5539))"
14,5,"POLYGON ((-46.6748 -23.5539, -46.6748 -23.5214, -46.6938 -23.5214, -46.6938 -23.5539, -46.6748 -23.5539))"
14,6,"POLYGON ((-46.65580000000001 -23.5539, -46.65580000000001 -23.5214, -46.6748 -23.5214, -46.6748 -23.5539, -46.65580000000001 -23.5539))"
14,7,"POLYGON ((-46.6368 -23.5539, -46.6368 -23.5214, -46.65580000000001 -23.5214, -46.65580000000001 -23.5539, -46.6368 -23.5539))"
14,8,"POLYGON ((-46.6178 -23.5539, -46.6178 -23.5214, -46.6368 -23.5214, -46.6368 -23.5539, -46.6178 -23.5539))"
14,9,"POLYGON ((-46.5988 -23.5539, -46.5988 -23.5214, -46.6178 -23.5214, -46.6178 -23.5539, -46.5988 -23.5539))"
14,10,"POLYGON ((-46.57980000000001 -23.5539, -46.57980000000001 -23.5214, -46.5988 -23.5214, -46.5988 -23.5539, -46.57980000000001 -23.5539))"
14,11,"POLYGON ((-46.56080000000001 -23.5539, -46.56080000000001 -23.5214, -46.57980000000001 -23.5214, -46.57980000000001 -23.5539, -46.56080000000001 -23.5539))"
14,12,"POLYGON ((-46.5418 -23.5539, -46.5418 -23.5214, -46.56080000000001 -23.5214, -46.56080000000001 -23.5539, -46.5418 -23.5539))"
14,13,"POLYGON ((-46.5228 -23.5539, -46.5228 -23.5214, -46.5418 -23.5214, -46.5418 -23.5539, -46.5228 -23.5539))"
14,14,"POLYGON ((-46.50380000000001 -23.5539, -46.50380000000001 -23.5214, -46.5228 -23.5214, -46.5228 -23.5539, -46.50380000000001 -23.5539))"
14,15,"POLYGON ((-46.48480000000001 -23.5539, -46.48480000000001 -23.5214, -46.50380000000001 -23.5214, -46.50380000000001 -23.5539, -46.48480000000001 -23.5539))"
14,16,"POLYGON ((-46.46580000000001 -23.5539, -46.46580000000001 -23.5214, -46.48480000000001 -23.5214, -46.48480000000001 -23.5539, -46.46580000000001 -23.5539))"
14,17,"POLYGON ((-46.4468 -23.5539, -46.4468 -23.5214, -46.46580000000001 -23.5214, -46.46580000000001 -23.5539, -46.4468 -23.5539))"
14,18,"POLYGON ((-46.4278 -23.5539, -46.4278 -23.5214, -46.4468 -23.5214, -46.4468 -23.5539, -46.4278 -23.5539))"
14,19,"POLYGON ((-46.40880000000001 -23.5539, -46.40880000000001 -23.5214, -46.4278 -23.5214, -46.4278 -23.5539, -46.40880000000001 -23.5539))"
15,0,"POLYGON ((-46.7698 -23.5214, -46.7698 -23.4889, -46.7888 -23.4889, -46.7888 -23.5214, -46.7698 -23.5214))"
15,1,"POLYGON ((-46.75080000000001 -23.5214, -46.75080000000001 -23.4889, -46.7698 -23.4889, -46.7698 -23.5214, -46.75080000000001 -23.5214))"
15,2,"POLYGON ((-46.7318 -23.5214, -46.7318 -23.4889, -46.75080000000001 -23.4889, -46.75080000000001 -23.5214, -46.7318 -23.5214))"
15,3,"POLYGON ((-46.7128 -23.5214, -46.7128 -23.4889, -46.7318 -23.4889, -46.7318 -23.5214, -46.7128 -23.5214))"
15,4,"POLYGON ((-46.6938 -23.5214, -46.6938 -23.4889, -46.7128 -23.4889, -46.7128 -23.5214, -46.6938 -23.5214))"
15,5,"POLYGON ((-46.6748 -23.5214, -46.6748 -23.4889, -46.6938 -23.4889, -46.6938 -23.5214, -46.6748 -23.5214))"
15,6,"POLYGON ((-46.65580000000001 -23.5214, -46.65580000000001 -23.4889, -46.6748 -23.4889, -46.6748 -23.5214, -46.65580000000001 -23.5214))"
15,7,"POLYGON ((-46.6368 -23.5214, -46.6368 -23.4889, -46.65580000000001 -23.4889, -46.65580000000001 -23.5214, -46.6368 -23.5214))"
15,8,"POLYGON ((-46.6178 -23.5214, -46.6178 -23.4889, -46.6368 -23.4889, -46.6368 -23.5214, -46.6178 -23.5214))"
15,9,"POLYGON ((-46.5988 -23.5214, -46.5988 -23.4889, -46.6178 -23.4889, -46.6178 -23.5214, -46.5988 -23.5214))"
15,10,"POLYGON ((-46.57980000000001 -23.5214, -46.57980000000001 -23.4889, -46.5988 -23.4889, -46.5988 -23.5214, -46.57980000000001 -23.5214))"
15,11,"POLYGON ((-46.56080000000001 -23.5214, -46.56080000000001 -23.4889, -46.57980000000001 -23.4889, -46.57980000000001 -23.5214, -46.56080000000001 -23.5214))"
15,12,"POLYGON ((-46.5418 -23.5214, -46.5418 -23.4889, -46.56080000000001 -23.4889, -46.56080000000001 -23.5214, -46.5418 -23.5214))"
15,13,"POLYGON ((-46.5228 -23.5214, -46.5228 -23.4889, -46.5418 -23.4889, -46.5418 -23.5214, -46.5228 -23.5214))"
15,14,"POLYGON ((-46.50380000000001 -23.5214, -46.50380000000001 -23.4889, -46.5228 -23.4889, -46.5228 -23.5214, -46.50380000000001 -23.5214))"
15,15,"POLYGON ((-46.48480000000001 -23.5214, -46.48480000000001 -23.4889, -46.50380000000001 -23.4889, -46.50380000000001 -23.5214, -46.48480000000001 -23.5214))"
15,16,"POLYGON ((-46.46580000000001 -23.5214, -46.46580000000001 -23.4889, -46.48480000000001 -23.4889, -46.48480000000001 -23.5214, -46.46580000000001 -23.5214))"
15,17,"POLYGON ((-46.4468 -23.5214, -46.4468 -23.4889, -46.46580000000001 -23.4889, -46.46580000000001 -23.5214, -46.4468 -23.5214))"
15,18,"POLYGON ((-46.4278 -23.5214, -46.4278 -23.4889, -46.4468 -23.4889, -46.4468 -23.5214, -46.4278 -23.5214))"
15,19,"POLYGON ((-46.40880000000001 -23.5214, -46.40880000000001 -23.4889, -46.4278 -23.4889, -46.4278 -23.5214, -46.40880000000001 -23.5214))"
16,0,"POLYGON ((-46.7698 -23.4889, -46.7698 -23.4564, -46.7888 -23.4564, -46.7888 -23.4889, -46.7698 -23.4889))"
16,1,"POLYGON ((-46.75080000000001 -23.4889, -46.75080000000001 -23.4564, -46.7698 -23.4564, -46.7698 -23.4889, -46.75080000000001 -23.4889))"
16,2,"POLYGON ((-46.7318 -23.4889, -46.7318 -23.4564, -46.75080000000001 -23.4564, -46.75080000000001 -23.4889, -46.7318 -23.4889))"
16,3,"POLYGON ((-46.7128 -23.4889, -46.7128 -23.4564, -46.7318 -23.4564, -46.7318 -23.4889, -46.7128 -23.4889))"
16,4,"POLYGON ((-46.6938 -23.4889, -46.6938 -23.4564, -46.7128 -23.4564, -46.7128 -23.4889, -46.6938 -23.4889))"
16,5,"POLYGON ((-46.6748 -23.4889, -46.6748 -23.4564, -46.6938 -23.4564, -46.6938 -23.4889, -46.6748 -23.4889))"
16,6,"POLYGON ((-46.65580000000001 -23.4889, -46.65580000000001 -23.4564, -46.6748 -23.4564, -46.6748 -23.4889, -46.65580000000001 -23.4889))"
16,7,"POLYGON ((-46.6368 -23.4889, -46.6368 -23.4564, -46.65580000000001 -23.4564, -46.65580000000001 -23.4889, -46.6368 -23.4889))"
16,8,"POLYGON ((-46.6178 -23.4889, -46.6178 -23.4564, -46.6368 -23.4564, -46.6368 -23.4889, -46.6178 -23.4889))"
16,9,"POLYGON ((-46.5988 -23.4889, -46.5988 -23.4564, -46.6178 -23.4564, -46.6178 -23.4889, -46.5988 -23.4889))"
16,10,"POLYGON ((-46.57980000000001 -23.4889, -46.57980000000001 -23.4564, -46.5988 -23.4564, -46.5988 -23.4889, -46.57980000000001 -23.4889))"
16,11,"POLYGON ((-46.56080000000001 -23.4889, -46.56080000000001 -23.4564, -46.57980000000001 -23.4564, -46.57980000000001 -23.4889, -46.56080000000001 -23.4889))"
16,12,"POLYGON ((-46.5418 -23.4889, -46.5418 -23.4564, -46.56080000000001 -23.4564, -46.56080000000001 -23.4889, -46.5418 -23.4889))"
16,13,"POLYGON ((-46.5228 -23.4889, -46.5228 -23.4564, -46.5418 -23.4564, -46.5418 -23.4889, -46.5228 -23.4889))"
16,14,"POLYGON ((-46.50380000000001 -23.4889, -46.50380000000001 -23.4564, -46.5228 -23.4564, -46.5228 -23.4889, -46.50380000000001 -23.4889))"
16,15,"POLYGON ((-46.48480000000001 -23.4889, -46.48480000000001 -23.4564, -46.50380000000001 -23.4564, -46.50380000000001 -23.4889, -46.48480000000001 -23.4889))"
16,16,"POLYGON ((-46.46580000000001 -23.4889, -46.46580000000001 -23.4564, -46.48480000000001 -23.4564, -46.48480000000001 -23.4889, -46.46580000000001 -23.4889))"
16,17,"POLYGON ((-46.4468 -23.4889, -46.4468 -23.4564, -46.46580000000001 -23.4564, -46.46580000000001 -23.4889, -46.4468 -23.4889))"
16,18,"POLYGON ((-46.4278 -23.4889, -46.4278 -23.4564, -46.4468 -23.4564, -46.4468 -23.4889, -46.4278 -23.4889))"
16,19,"POLYGON ((-46.40880000000001 -23.4889, -46.40880000000001 -23.4564, -46.4278 -23.4564, -46.4278 -23.4889, -46.40880000000001 -23.4889))"
17,0,"POLYGON ((-46.7698 -23.4564, -46.7698 -23.4239, -46.7888 -23.4239, -46.7888 -23.4564, -46.7698 -23.4564))"
17,1,"POLYGON ((-46.75080000000001 -23.4564, -46.75080000000001 -23.4239, -46.7698 -23.4239, -46.7698 -23.4564, -46.75080000000001 -23.4564))"
17,2,"POLYGON ((-46.7318 -23.4564, -46.7318 -23.4239, -46.75080000000001 -23.4239, -46.75080000000001 -23.4564, -46.7318 -23.4564))"
17,3,"POLYGON ((-46.7128 -23.4564, -46.7128 -23.4239, -46.7318 -23.4239, -46.7318 -23.4564, -46.7128 -23.4564))"
17,4,"POLYGON ((-46.6938 -23.4564, -46.6938 -23.4239, -46.7128 -23.4239, -46.7128 -23.4564, -46.6938 -23.4564))"
17,5,"POLYGON ((-46.6748 -23.4564, -46.6748 -23.4239, -46.6938 -23.4239, -46.6938 -23.4564, -46.6748 -23.4564))"
17,6,"POLYGON ((-46.65580000000001 -23.4564, -46.65580000000001 -23.4239, -46.6748 -23.4239, -46.6748 -23.4564, -46.65580000000001 -23.4564))"
17,7,"POLYGON ((-46.6368 -23.4564, -46.6368 -23.4239, -46.65580000000001 -23.4239, -46.65580000000001 -23.4564, -46.6368 -23.4564))"
17,8,"POLYGON ((-46.6178 -23.4564, -46.6178 -23.4239, -46.6368 -23.4239, -46.6368 -23.4564, -46.6178 -23.4564))"
17,9,"POLYGON ((-46.5988 -23.4564, -46.5988 -23.4239, -46.6178 -23.4239, -46.6178 -23.4564, -46.5988 -23.4564))"
17,10,"POLYGON ((-46.57980000000001 -23.4564, -46.57980000000001 -23.4239, -46.5988 -23.4239, -46.5988 -23.4564, -46.57980000000001 -23.4564))"
17,11,"POLYGON ((-46.56080000000001 -23.4564, -46.56080000000001 -23.4239, -46.57980000000001 -23.4239, -46.57980000000001 -23.4564, -46.56080000000001 -23.4564))"
17,12,"POLYGON ((-46.5418 -23.4564, -46.5418 -23.4239, -46.56080000000001 -23.4239, -46.56080000000001 -23.4564, -46.5418 -23.4564))"
17,13,"POLYGON ((-46.5228 -23.4564, -46.5228 -23.4239, -46.5418 -23.4239, -46.5418 -23.4564, -46.5228 -23.4564))"
17,14,"POLYGON ((-46.50380000000001 -23.4564, -46.50380000000001 -23.4239, -46.5228 -23.4239, -46.5228 -23.4564, -46.50380000000001 -23.4564))"
17,15,"POLYGON ((-46.48480000000001 -23.4564, -46.48480000000001 -23.4239, -46.50380000000001 -23.4239, -46.50380000000001 -23.4564, -46.48480000000001 -23.4564))"
17,16,"POLYGON ((-46.46580000000001 -23.4564, -46.46580000000001 -23.4239, -46.48480000000001 -23.4239, -46.48480000000001 -23.4564, -46.46580000000001 -23.4564))"
17,17,"POLYGON ((-46.4468 -23.4564, -46.4468 -23.4239, -46.46580000000001 -23.4239, -46.46580000000001 -23.4564, -46.4468 -23.4564))"
17,18,"POLYGON ((-46.4278 -23.4564, -46.4278 -23.4239, -46.4468 -23.4239, -46.4468 -23.4564, -46.4278 -23.4564))"
17,19,"POLYGON ((-46.40880000000001 -23.4564, -46.40880000000001 -23.4239, -46.4278 -23.4239, -46.4278 -23.4564, -46.40880000000001 -23.4564))"
18,0,"POLYGON ((-46.7698 -23.4239, -46.7698 -23.3914, -46.7888 -23.3914, -46.7888 -23.4239, -46.7698 -23.4239))"
18,1,"POLYGON ((-46.75080000000001 -23.4239, -46.75080000000001 -23.3914, -46.7698 -23.3914, -46.7698 -23.4239, -46.75080000000001 -23.4239))"
18,2,"POLYGON ((-46.7318 -23.4239, -46.7318 -23.3914, -46.75080000000001 -23.3914, -46.75080000000001 -23.4239, -46.7318 -23.4239))"
18,3,"POLYGON ((-46.7128 -23.4239, -46.7128 -23.3914, -46.7318 -23.3914, -46.7318 -23.4239, -46.7128 -23.4239))"
18,4,"POLYGON ((-46.6938 -23.4239, -46.6938 -23.3914, -46.7128 -23.3914, -46.7128 -23.4239, -46.6938 -23.4239))"
18,5,"POLYGON ((-46.6748 -23.4239, -46.6748 -23.3914, -46.6938 -23.3914, -46.6938 -23.4239, -46.6748 -23.4239))"
18,6,"POLYGON ((-46.65580000000001 -23.4239, -46.65580000000001 -23.3914, -46.6748 -23.3914, -46.6748 -23.4239, -46.65580000000001 -23.4239))"
18,7,"POLYGON ((-46.6368 -23.4239, -46.6368 -23.3914, -46.65580000000001 -23.3914, -46.65580000000001 -23.4239, -46.6368 -23.4239))"
18,8,"POLYGON ((-46.6178 -23.4239, -46.6178 -23.3914, -46.6368 -23.3914, -46.6368 -23.4239, -46.6178 -23.4239))"
18,9,"POLYGON ((-46.5988 -23.4239, -46.5988 -23.3914, -46.6178 -23.3914, -46.6178 -23.4239, -46.5988 -23.4239))"
18,10,"POLYGON ((-46.57980000000001 -23.4239, -46.57980000000001 -23.3914, -46.5988 -23.3914, -46.5988 -23.4239, -46.57980000000001 -23.4239))"
18,11,"POLYGON ((-46.56080000000001 -23.4239, -46.56080000000001 -23.3914, -46.57980000000001 -23.3914, -46.57980000000001 -23.4239, -46.56080000000001 -23.4239))"
18,12,"POLYGON ((-46.5418 -23.4239, -46.5418 -23.3914, -46.56080000000001 -23.3914, -46.56080000000001 -23.4239, -46.5418 -23.4239))"
18,13,"POLYGON ((-46.5228 -23.4239, -46.5228 -23.3914, -46.5418 -23.3914, -46.5418 -23.4239, -46.5228 -23.4239))"
18,14,"POLYGON ((-46.50380000000001 -23.4239, -46.50380000000001 -23.3914, -46.5228 -23.3914, -46.5228 -23.4239, -46.50380000000001 -23.4239))"
18,15,"POLYGON ((-46.48480000000001 -23.4239, -46.48480000000001 -23.3914, -46.50380000000001 -23.3914, -46.50380000000001 -23.4239, -46.48480000000001 -23.4239))"
18,16,"POLYGON ((-46.46580000000001 -23.4239, -46.46580000000001 -23.3914, -46.48480000000001 -23.3914, -46.48480000000001 -23.4239, -46.46580000000001 -23.4239))"
18,17,"POLYGON ((-46.4468 -23.4239, -46.4468 -23.3914, -46.46580000000001 -23.3914, -46.46580000000001 -23.4239, -46.4468 -23.4239))"
18,18,"POLYGON ((-46.4278 -23.4239, -46.4278 -23.3914, -46.4468 -23.3914, -46.4468 -23.4239, -46.4278 -23.4239))"
18,19,"POLYGON ((-46.40880000000001 -23.4239, -46.40880000000001 -23.3914, -46.4278 -23.3914, -46.4278 -23.4239, -46.40880000000001 -23.4239))"
19,0,"POLYGON ((-46.7698 -23.3914, -46.7698 -23.3589, -46.7888 -23.3589, -46.7888 -23.3914, -46.7698 -23.3914))"
19,1,"POLYGON ((-46.75080000000001 -23.3914, -46.75080000000001 -23.3589, -46.7698 -23.3589, -46.7698 -23.3914, -46.75080000000001 -23.3914))"
19,2,"POLYGON ((-46.7318 -23.3914, -46.7318 -23.3589, -46.75080000000001 -23.3589, -46.75080000000001 -23.3914, -46.7318 -23.3914))"
19,3,"POLYGON ((-46.7128 -23.3914, -46.7128 -23.3589, -46.7318 -23.3589, -46.7318 -23.3914, -46.7128 -23.3914))"
19,4,"POLYGON ((-46.6938 -23.3914, -46.6938 -23.3589, -46.7128 -23.3589, -46.7128 -23.3914, -46.6938 -23.3914))"
19,5,"POLYGON ((-46.6748 -23.3914, -46.6748 -23.3589, -46.6938 -23.3589, -46.6938 -23.3914, -46.6748 -23.3914))"
19,6,"POLYGON ((-46.65580000000001 -23.3914, -46.65580000000001 -23.3589, -46.6748 -23.3589, -46.6748 -23.3914, -46.65580000000001 -23.3914))"
19,7,"POLYGON ((-46.6368 -23.3914, -46.6368 -23.3589, -46.65580000000001 -23.3589, -46.65580000000001 -23.3914, -46.6368 -23.3914))"
19,8,"POLYGON ((-46.6178 -23.3914, -46.6178 -23.3589, -46.6368 -23.3589, -46.6368 -23.3914, -46.6178 -23.3914))"
19,9,"POLYGON ((-46.5988 -23.3914, -46.5988 -23.3589, -46.6178 -23.3589, -46.6178 -23.3914, -46.5988 -23.3914))"
19,10,"POLYGON ((-46.57980000000001 -23.3914, -46.57980000000001 -23.3589, -46.5988 -23.3589, -46.5988 -23.3914, -46.57980000000001 -23.3914))"
19,11,"POLYGON ((-46.56080000000001 -23.3914, -46.56080000000001 -23.3589, -46.57980000000001 -23.3589, -46.57980000000001 -23.3914, -46.56080000000001 -23.3914))"
19,12,"POLYGON ((-46.5418 -23.3914, -46.5418 -23.3589, -46.56080000000001 -23.3589, -46.56080000000001 -23.3914, -46.5418 -23.3914))"
19,13,"POLYGON ((-46.5228 -23.3914, -46.5228 -23.3589, -46.5418 -23.3589, -46.5418 -23.3914, -46.5228 -23.3914))"
19,14,"POLYGON ((-46.50380000000001 -23.3914, -46.50380000000001 -23.3589, -46.5228 -23.3589, -46.5228 -23.3914, -46.50380000000001 -23.3914))"
19,15,"POLYGON ((-46.48480000000001 -23.3914, -46.48480000000001 -23.3589, -46.50380000000001 -23.3589, -46.50380000000001 -23.3914, -46.48480000000001 -23.3914))"
19,16,"POLYGON ((-46.46580000000001 -23.3914, -46.46580000000001 -23.3589, -46.48480000000001 -23.3589, -46.48480000000001 -23.3914, -46.46580000000001 -23.3914))"
19,17,"POLYGON ((-46.4468 -23.3914, -46.4468 -23.3589, -46.46580000000001 -23.3589, -46.46580000000001 -23.3914, -46.4468 -23.3914))"
19,18,"POLYGON ((-46.4278 -23.3914, -46.4278 -23.3589, -46.4468 -23.3589, -46.4468 -23.3914, -46.4278 -23.3914))"
19,19,"POLYGON ((-46.40880000000001 -23.3914, -46.40880000000001 -23.3589, -46.4278 -23.3589, -46.4278 -23.3914, -46.40880000000001 -23.3914))"
