i,j,geometry,station id,index,Unnamed: 0,NumeroZona,NomeZona,NumeroMuni,NomeMunici,NumDistrit,NomeDistri,Area_ha_2,lat,lon
2,4,"POLYGON ((-46.6938 -23.9439, -46.6938 -23.9114, -46.7128 -23.9114, -46.7128 -23.9439, -46.6938 -23.9439))",298,298,298,299,Marsilac,36,São Paulo,52,Marsilac,20795.96,-23.935019884164525,-46.70773105547821
4,0,"POLYGON ((-46.7698 -23.8789, -46.7698 -23.8464, -46.7888 -23.8464, -46.7888 -23.8789, -46.7698 -23.8789))",472,472,472,473,Cipó,10,Embu-Guaçu,106,Embu-Guaçu,2226.59,-23.861566940443893,-46.788216807155706
4,13,"POLYGON ((-46.5228 -23.8789, -46.5228 -23.8464, -46.5418 -23.8464, -46.5418 -23.8789, -46.5228 -23.8789))",452,452,452,453,Caminho do Mar,33,São Bernardo do Campo,129,São Bernardo do Campo,28151.71,-23.849666742105388,-46.54052514187437
5,4,"POLYGON ((-46.6938 -23.8464, -46.6938 -23.8139, -46.7128 -23.8139, -46.7128 -23.8464, -46.6938 -23.8464))",297,297,297,298,Parelheiros,36,São Paulo,56,Parelheiros,11667.08,-23.84612583156012,-46.702891622579244
6,6,"POLYGON ((-46.65580000000001 -23.8139, -46.65580000000001 -23.7814, -46.6748 -23.7814, -46.6748 -23.8139, -46.65580000000001 -23.8139))",295,295,295,296,Bororé,36,São Paulo,30,Grajaú,5992.56,-23.808245200660416,-46.663368951530465
7,1,"POLYGON ((-46.75080000000001 -23.7814, -46.75080000000001 -23.7489, -46.7698 -23.7489, -46.7698 -23.7814, -46.75080000000001 -23.7814))",296,296,296,297,Jaceguava,36,São Paulo,56,Parelheiros,3512.69,-23.77666405506155,-46.760565247190314
7,4,"POLYGON ((-46.6938 -23.7814, -46.6938 -23.7489, -46.7128 -23.7489, -46.7128 -23.7814, -46.6938 -23.7814))",291,291,291,292,Vila Natal,36,São Paulo,30,Grajaú,415.09,-23.761983374123268,-46.70317395998964
7,5,"POLYGON ((-46.6748 -23.7814, -46.6748 -23.7489, -46.6938 -23.7489, -46.6938 -23.7814, -46.6748 -23.7814))",294,294,294,295,Belmira Marin,36,São Paulo,30,Grajaú,1236.83,-23.76976830603528,-46.67841590665993
7,9,"POLYGON ((-46.5988 -23.7814, -46.5988 -23.7489, -46.6178 -23.7489, -46.6178 -23.7814, -46.5988 -23.7814))",453,453,453,454,Reservatório Billings,33,São Bernardo do Campo,129,São Bernardo do Campo,4043.04,-23.75347215717972,-46.60954003874017
7,12,"POLYGON ((-46.5418 -23.7814, -46.5418 -23.7489, -46.56080000000001 -23.7489, -46.56080000000001 -23.7814, -46.5418 -23.7814))",451,451,451,452,Riacho Grande,33,São Bernardo do Campo,129,São Bernardo do Campo,3065.46,-23.762258719407395,-46.545726706101476
8,1,"POLYGON ((-46.75080000000001 -23.7489, -46.75080000000001 -23.7164, -46.7698 -23.7164, -46.7698 -23.7489, -46.75080000000001 -23.7489))",306,306,306,307,Jardim Capela,36,São Paulo,42,Jardim Ângela,2022.05,-23.73109868081821,-46.763650652646895
8,3,"POLYGON ((-46.7128 -23.7489, -46.7128 -23.7164, -46.7318 -23.7164, -46.7318 -23.7489, -46.7128 -23.7489))",287,287,287,288,Jardim Represa,36,São Paulo,23,Cidade Dutra,783.73,-23.724281135796968,-46.716126471332224
8,4,"POLYGON ((-46.6938 -23.7489, -46.6938 -23.7164, -46.7128 -23.7164, -46.7128 -23.7489, -46.6938 -23.7489))",290,290,290,291,Jardim Presidente,36,São Paulo,23,Cidade Dutra,762.54,-23.74541919564698,-46.711936247397155
8,5,"POLYGON ((-46.6748 -23.7489, -46.6748 -23.7164, -46.6938 -23.7164, -46.6938 -23.7489, -46.6748 -23.7489))",292,292,292,293,Grajaú,36,São Paulo,30,Grajaú,540.7,-23.741891450380958,-46.688224740894434
8,5,"POLYGON ((-46.6748 -23.7489, -46.6748 -23.7164, -46.6938 -23.7164, -46.6938 -23.7489, -46.6748 -23.7489))",289,289,289,290,SESC Interlagos,36,São Paulo,23,Cidade Dutra,736.48,-23.71788793731907,-46.67971866763124
8,6,"POLYGON ((-46.65580000000001 -23.7489, -46.65580000000001 -23.7164, -46.6748 -23.7164, -46.6748 -23.7489, -46.65580000000001 -23.7489))",293,293,293,294,Cocaia,36,São Paulo,30,Grajaú,1093.33,-23.74391873870201,-46.661953013495896
8,8,"POLYGON ((-46.6178 -23.7489, -46.6178 -23.7164, -46.6368 -23.7164, -46.6368 -23.7489, -46.6178 -23.7489))",458,458,458,459,Eldorado,8,Diadema,104,Diadema,866.88,-23.72445893190192,-46.62037928830054
8,11,"POLYGON ((-46.56080000000001 -23.7489, -46.56080000000001 -23.7164, -46.57980000000001 -23.7164, -46.57980000000001 -23.7489, -46.56080000000001 -23.7489))",450,450,450,451,Demarchi,33,São Bernardo do Campo,129,São Bernardo do Campo,1059.42,-23.73651900798667,-46.561558669147345
8,13,"POLYGON ((-46.5228 -23.7489, -46.5228 -23.7164, -46.5418 -23.7164, -46.5418 -23.7489, -46.5228 -23.7489))",449,449,449,450,Montanhão,33,São Bernardo do Campo,129,São Bernardo do Campo,1054.93,-23.72333983880545,-46.530322089510356
8,15,"POLYGON ((-46.48480000000001 -23.7489, -46.48480000000001 -23.7164, -46.50380000000001 -23.7164, -46.50380000000001 -23.7489, -46.48480000000001 -23.7489))",432,432,432,433,Parque do Pedroso,32,Santo André,128,Santo André,3164.82,-23.734844367236,-46.489697083844796
8,18,"POLYGON ((-46.4278 -23.7489, -46.4278 -23.7164, -46.4468 -23.7164, -46.4468 -23.7489, -46.4278 -23.7489))",439,439,439,440,Ribeirão Pires,27,Ribeirão Pires,123,Ribeirão Pires,5256.82,-23.72315211952928,-46.430287626397906
9,0,"POLYGON ((-46.7698 -23.7164, -46.7698 -23.6839, -46.7888 -23.6839, -46.7888 -23.7164, -46.7698 -23.7164))",307,307,307,308,Riviera,36,São Paulo,42,Jardim Ângela,798.79,-23.707499293537246,-46.773343353766066
9,0,"POLYGON ((-46.7698 -23.7164, -46.7698 -23.6839, -46.7888 -23.6839, -46.7888 -23.7164, -46.7698 -23.7164))",308,308,308,309,Jardim Turquesa,36,São Paulo,42,Jardim Ângela,282.87,-23.69663899856636,-46.786925227893455
9,0,"POLYGON ((-46.7698 -23.7164, -46.7698 -23.6839, -46.7888 -23.6839, -46.7888 -23.7164, -46.7698 -23.7164))",309,309,309,310,Morro do Índio,36,São Paulo,42,Jardim Ângela,114.64,-23.684192031345844,-46.774527050343195
9,1,"POLYGON ((-46.75080000000001 -23.7164, -46.75080000000001 -23.6839, -46.7698 -23.6839, -46.7698 -23.7164, -46.75080000000001 -23.7164))",310,310,310,311,Jardim Ângela,36,São Paulo,42,Jardim Ângela,463.77,-23.685507435940576,-46.761064045345876
9,2,"POLYGON ((-46.7318 -23.7164, -46.7318 -23.6839, -46.75080000000001 -23.6839, -46.75080000000001 -23.7164, -46.7318 -23.7164))",305,305,305,306,Guarapiranga,36,São Paulo,45,Jardim São Luís,1513.25,-23.69662435945693,-46.73738633783186
9,3,"POLYGON ((-46.7128 -23.7164, -46.7128 -23.6839, -46.7318 -23.6839, -46.7318 -23.7164, -46.7128 -23.7164))",286,286,286,287,Parque Interlagos,36,São Paulo,81,Socorro,935.66,-23.690870061808024,-46.713130606531564
9,4,"POLYGON ((-46.6938 -23.7164, -46.6938 -23.6839, -46.7128 -23.6839, -46.7128 -23.7164, -46.6938 -23.7164))",288,288,288,289,Rio Bonito,36,São Paulo,23,Cidade Dutra,495.82,-23.709326985440946,-46.69608148157711
9,5,"POLYGON ((-46.6748 -23.7164, -46.6748 -23.6839, -46.6938 -23.6839, -46.6938 -23.7164, -46.6748 -23.7164))",282,282,282,283,Vila Sabará,36,São Paulo,16,Campo Grande,234.56,-23.689297959218774,-46.68594918092275
9,6,"POLYGON ((-46.65580000000001 -23.7164, -46.65580000000001 -23.6839, -46.6748 -23.6839, -46.6748 -23.7164, -46.65580000000001 -23.7164))",283,283,283,284,Mar Paulista,36,São Paulo,59,Pedreira,548.66,-23.696605653541198,-46.6641083903307
9,7,"POLYGON ((-46.6368 -23.7164, -46.6368 -23.6839, -46.65580000000001 -23.6839, -46.65580000000001 -23.7164, -46.6368 -23.7164))",284,284,284,285,Pedreira,36,São Paulo,59,Pedreira,1302.69,-23.711075420413362,-46.64354947560323
9,8,"POLYGON ((-46.6178 -23.7164, -46.6178 -23.6839, -46.6368 -23.6839, -46.6368 -23.7164, -46.6178 -23.7164))",454,454,454,455,Diadema,8,Diadema,104,Diadema,493.35,-23.686217973056326,-46.62186462754899
9,9,"POLYGON ((-46.5988 -23.7164, -46.5988 -23.6839, -46.6178 -23.6839, -46.6178 -23.7164, -46.5988 -23.7164))",457,457,457,458,Vila Conceição,8,Diadema,104,Diadema,371.2,-23.699802442744346,-46.612460862653066
9,10,"POLYGON ((-46.57980000000001 -23.7164, -46.57980000000001 -23.6839, -46.5988 -23.6839, -46.5988 -23.7164, -46.57980000000001 -23.7164))",456,456,456,457,Piraporinha,8,Diadema,104,Diadema,763.86,-23.69127950986635,-46.59255368095876
9,11,"POLYGON ((-46.56080000000001 -23.7164, -46.56080000000001 -23.6839, -46.57980000000001 -23.6839, -46.57980000000001 -23.7164, -46.56080000000001 -23.7164))",444,444,444,445,Planalto,33,São Bernardo do Campo,129,São Bernardo do Campo,1109.34,-23.701343066365446,-46.57366742960394
9,12,"POLYGON ((-46.5418 -23.7164, -46.5418 -23.6839, -46.56080000000001 -23.6839, -46.56080000000001 -23.7164, -46.5418 -23.7164))",448,448,448,449,São Bernardo do Campo,33,São Bernardo do Campo,129,São Bernardo do Campo,742.96,-23.70690330094585,-46.5499583749276
9,12,"POLYGON ((-46.5418 -23.7164, -46.5418 -23.6839, -46.56080000000001 -23.6839, -46.56080000000001 -23.7164, -46.5418 -23.7164))",447,447,447,448,Baeta Neves,33,São Bernardo do Campo,129,São Bernardo do Campo,535.87,-23.684456562239166,-46.55381184020689
9,13,"POLYGON ((-46.5228 -23.7164, -46.5228 -23.6839, -46.5418 -23.6839, -46.5418 -23.7164, -46.5228 -23.7164))",431,431,431,432,Carijós,32,Santo André,128,Santo André,914.11,-23.687922227937825,-46.524173294413394
10,0,"POLYGON ((-46.7698 -23.6839, -46.7698 -23.6514, -46.7888 -23.6514, -46.7888 -23.6839, -46.7698 -23.6839))",313,313,313,314,Adventista,36,São Paulo,19,Capão Redondo,545.26,-23.67745802007798,-46.78437356723078
10,0,"POLYGON ((-46.7698 -23.6839, -46.7698 -23.6514, -46.7888 -23.6514, -46.7888 -23.6839, -46.7698 -23.6839))",314,314,314,315,Parque Fernanda,36,São Paulo,19,Capão Redondo,512.27,-23.6619888196252,-46.78588561092861
10,1,"POLYGON ((-46.75080000000001 -23.6839, -46.75080000000001 -23.6514, -46.7698 -23.6514, -46.7698 -23.6839, -46.75080000000001 -23.6839))",312,312,312,313,Jardim Sônia Ingá,36,São Paulo,19,Capão Redondo,105.38,-23.673871330391478,-46.76858728383664
10,1,"POLYGON ((-46.75080000000001 -23.6839, -46.75080000000001 -23.6514, -46.7698 -23.6514, -46.7698 -23.6839, -46.75080000000001 -23.6839))",311,311,311,312,Capão Redondo,36,São Paulo,19,Capão Redondo,219.39,-23.65975100523523,-46.76225500962389
10,2,"POLYGON ((-46.7318 -23.6839, -46.7318 -23.6514, -46.75080000000001 -23.6514, -46.75080000000001 -23.6839, -46.7318 -23.6839))",304,304,304,305,Centro Empresarial,36,São Paulo,45,Jardim São Luís,675.29,-23.66288577612111,-46.73986737243171
10,3,"POLYGON ((-46.7128 -23.6839, -46.7128 -23.6514, -46.7318 -23.6514, -46.7318 -23.6839, -46.7128 -23.6839))",285,285,285,286,Vila Socorro,36,São Paulo,81,Socorro,293.26,-23.668522198518094,-46.71512625923872
10,3,"POLYGON ((-46.7128 -23.6839, -46.7128 -23.6514, -46.7318 -23.6514, -46.7318 -23.6839, -46.7128 -23.6839))",302,302,302,303,Vila Miranda,36,São Paulo,72,Santo Amaro,271.15,-23.652962760990853,-46.71494183699383
10,4,"POLYGON ((-46.6938 -23.6839, -46.6938 -23.6514, -46.7128 -23.6514, -46.7128 -23.6839, -46.6938 -23.6839))",279,279,279,280,Jurubatuba,36,São Paulo,16,Campo Grande,482.59,-23.67093595082273,-46.6966029298312
10,4,"POLYGON ((-46.6938 -23.6839, -46.6938 -23.6514, -46.7128 -23.6514, -46.7128 -23.6839, -46.6938 -23.6839))",301,301,301,302,Santo Amaro,36,São Paulo,72,Santo Amaro,257.11,-23.65179768292356,-46.69981862948846
10,5,"POLYGON ((-46.6748 -23.6839, -46.6748 -23.6514, -46.6938 -23.6514, -46.6938 -23.6839, -46.6748 -23.6839))",281,281,281,282,Campo Grande,36,São Paulo,16,Campo Grande,272.36,-23.679981886771866,-46.67527005799689
10,5,"POLYGON ((-46.6748 -23.6839, -46.6748 -23.6514, -46.6938 -23.6514, -46.6938 -23.6839, -46.6748 -23.6839))",280,280,280,281,Vila São Pedro,36,São Paulo,16,Campo Grande,312.58,-23.663871783130087,-46.68415120754967
10,6,"POLYGON ((-46.65580000000001 -23.6839, -46.65580000000001 -23.6514, -46.6748 -23.6514, -46.6748 -23.6839, -46.65580000000001 -23.6839))",278,278,278,279,Vila Missionária,36,São Paulo,22,Cidade Ademar,295.4,-23.682483596692983,-46.66035174887166
10,6,"POLYGON ((-46.65580000000001 -23.6839, -46.65580000000001 -23.6514, -46.6748 -23.6514, -46.6748 -23.6839, -46.65580000000001 -23.6839))",276,276,276,277,Cupecê,36,São Paulo,22,Cidade Ademar,416.89,-23.661310475493714,-46.668988409630444
10,7,"POLYGON ((-46.6368 -23.6839, -46.6368 -23.6514, -46.65580000000001 -23.6514, -46.65580000000001 -23.6839, -46.6368 -23.6839))",277,277,277,278,Jardim Miriam,36,São Paulo,22,Cidade Ademar,513.94,-23.67876744104285,-46.644348414341074
10,7,"POLYGON ((-46.6368 -23.6839, -46.6368 -23.6514, -46.65580000000001 -23.6514, -46.65580000000001 -23.6839, -46.6368 -23.6839))",275,275,275,276,Jardim Bom Clima,36,São Paulo,37,Jabaquara,445.92,-23.662527874392357,-46.643298882416204
10,9,"POLYGON ((-46.5988 -23.6839, -46.5988 -23.6514, -46.6178 -23.6514, -46.6178 -23.6839, -46.5988 -23.6839))",455,455,455,456,Jardim das Nações,8,Diadema,104,Diadema,591.18,-23.672374893670877,-46.6120365923378
10,10,"POLYGON ((-46.57980000000001 -23.6839, -46.57980000000001 -23.6514, -46.5988 -23.6514, -46.5988 -23.6839, -46.57980000000001 -23.6839))",445,445,445,446,Paulicéia,33,São Bernardo do Campo,129,São Bernardo do Campo,805.47,-23.66206693076889,-46.590751465863676
10,11,"POLYGON ((-46.56080000000001 -23.6839, -46.56080000000001 -23.6514, -46.57980000000001 -23.6514, -46.57980000000001 -23.6839, -46.56080000000001 -23.6839))",446,446,446,447,Rudge Ramos,33,São Bernardo do Campo,129,São Bernardo do Campo,470.61,-23.65938651624465,-46.56825974123236
10,12,"POLYGON ((-46.5418 -23.6839, -46.5418 -23.6514, -46.56080000000001 -23.6514, -46.56080000000001 -23.6839, -46.5418 -23.6839))",422,422,422,423,Vila Gilda,32,Santo André,128,Santo André,291.6,-23.67505227554621,-46.54543887420485
10,12,"POLYGON ((-46.5418 -23.6839, -46.5418 -23.6514, -46.56080000000001 -23.6514, -46.56080000000001 -23.6839, -46.5418 -23.6839))",423,423,423,424,Valparaíso,32,Santo André,128,Santo André,246.83,-23.65951142033727,-46.54659708982658
10,12,"POLYGON ((-46.5418 -23.6839, -46.5418 -23.6514, -46.56080000000001 -23.6514, -46.56080000000001 -23.6839, -46.5418 -23.6839))",424,424,424,425,Sacadura Cabral,32,Santo André,128,Santo André,179.89,-23.652256327384208,-46.55694480406892
10,13,"POLYGON ((-46.5228 -23.6839, -46.5228 -23.6514, -46.5418 -23.6514, -46.5418 -23.6839, -46.5228 -23.6839))",421,421,421,422,Santo André,32,Santo André,128,Santo André,795.2,-23.656729733560724,-46.52864028429288
10,15,"POLYGON ((-46.48480000000001 -23.6839, -46.48480000000001 -23.6514, -46.50380000000001 -23.6514, -46.50380000000001 -23.6839, -46.48480000000001 -23.6839))",430,430,430,431,Jardim do Estádio,32,Santo André,128,Santo André,1142.33,-23.67703639242013,-46.498747913776825
10,16,"POLYGON ((-46.46580000000001 -23.6839, -46.46580000000001 -23.6514, -46.48480000000001 -23.6514, -46.48480000000001 -23.6839, -46.46580000000001 -23.6839))",434,434,434,435,Capuava,22,Mauá,118,Mauá,1957.14,-23.67678812180923,-46.476934530486275
10,17,"POLYGON ((-46.4468 -23.6839, -46.4468 -23.6514, -46.46580000000001 -23.6514, -46.46580000000001 -23.6839, -46.4468 -23.6839))",435,435,435,436,Mauá,22,Mauá,118,Mauá,1131.35,-23.68103087456098,-46.45342180418294
10,18,"POLYGON ((-46.4278 -23.6839, -46.4278 -23.6514, -46.4468 -23.6514, -46.4468 -23.6839, -46.4278 -23.6839))",436,436,436,437,Jardim Zaíra,22,Mauá,118,Mauá,1240.23,-23.651988840464316,-46.44448623424078
10,19,"POLYGON ((-46.40880000000001 -23.6839, -46.40880000000001 -23.6514, -46.4278 -23.6514, -46.4278 -23.6839, -46.40880000000001 -23.6839))",437,437,437,438,Barão de Mauá,22,Mauá,118,Mauá,604.52,-23.67159394094693,-46.42525756630693
11,0,"POLYGON ((-46.7698 -23.6514, -46.7698 -23.6189, -46.7888 -23.6189, -46.7888 -23.6514, -46.7698 -23.6514))",323,323,323,324,Jardim Mitsutani,36,São Paulo,17,Campo Limpo,349.31,-23.64328811811384,-46.77726807186979
11,1,"POLYGON ((-46.75080000000001 -23.6514, -46.75080000000001 -23.6189, -46.7698 -23.6189, -46.7698 -23.6514, -46.75080000000001 -23.6514))",322,322,322,323,Parque Arariba,36,São Paulo,17,Campo Limpo,346.59,-23.642250487326102,-46.75618333413844
11,1,"POLYGON ((-46.75080000000001 -23.6514, -46.75080000000001 -23.6189, -46.7698 -23.6189, -46.7698 -23.6514, -46.75080000000001 -23.6514))",324,324,324,325,Pirajussara,36,São Paulo,17,Campo Limpo,270.05,-23.631640252666703,-46.76453505398435
11,1,"POLYGON ((-46.75080000000001 -23.6514, -46.75080000000001 -23.6189, -46.7698 -23.6189, -46.7698 -23.6514, -46.75080000000001 -23.6514))",325,325,325,326,Jardim Umarizal,36,São Paulo,17,Campo Limpo,294.91,-23.622906708302327,-46.753555104616545
11,2,"POLYGON ((-46.7318 -23.6514, -46.7318 -23.6189, -46.75080000000001 -23.6189, -46.75080000000001 -23.6514, -46.7318 -23.6514))",303,303,303,304,Jardim São Luís,36,São Paulo,45,Jardim São Luís,408.45,-23.65099370634615,-46.744590384746544
11,2,"POLYGON ((-46.7318 -23.6514, -46.7318 -23.6189, -46.75080000000001 -23.6189, -46.75080000000001 -23.6514, -46.7318 -23.6514))",321,321,321,322,Vila Suzana,36,São Paulo,85,Vila Andrade,300.5,-23.62609223678386,-46.74003288467454
11,3,"POLYGON ((-46.7128 -23.6514, -46.7128 -23.6189, -46.7318 -23.6189, -46.7318 -23.6514, -46.7128 -23.6514))",320,320,320,321,Jardim Vitória Régia,36,São Paulo,85,Vila Andrade,370.18,-23.63258333451283,-46.72812070790223
11,3,"POLYGON ((-46.7128 -23.6514, -46.7128 -23.6189, -46.7318 -23.6189, -46.7318 -23.6514, -46.7128 -23.6514))",319,319,319,320,Paraisópolis,36,São Paulo,85,Vila Andrade,361.95,-23.61956254637941,-46.717908050825635
11,4,"POLYGON ((-46.6938 -23.6514, -46.6938 -23.6189, -46.7128 -23.6189, -46.7128 -23.6514, -46.6938 -23.6514))",299,299,299,300,Granja Julieta,36,São Paulo,72,Santo Amaro,616.88,-23.634426293117752,-46.70639177473286
11,5,"POLYGON ((-46.6748 -23.6514, -46.6748 -23.6189, -46.6938 -23.6189, -46.6938 -23.6514, -46.6748 -23.6514))",300,300,300,301,Chácara Flora,36,São Paulo,72,Santo Amaro,452.25,-23.641094895900988,-46.6859517058564
11,5,"POLYGON ((-46.6748 -23.6514, -46.6748 -23.6189, -46.6938 -23.6189, -46.6938 -23.6514, -46.6748 -23.6514))",267,267,267,268,Joaquim Nabuco,36,São Paulo,15,Campo Belo,198.44,-23.63035835379099,-46.67768233205555
11,5,"POLYGON ((-46.6748 -23.6514, -46.6748 -23.6189, -46.6938 -23.6189, -46.6938 -23.6514, -46.6748 -23.6514))",71,71,71,72,Vila Cordeiro,36,São Paulo,34,Itaim Bibi,176.69,-23.619401410613907,-46.691971149226745
11,6,"POLYGON ((-46.65580000000001 -23.6514, -46.65580000000001 -23.6189, -46.6748 -23.6189, -46.6748 -23.6514, -46.65580000000001 -23.6514))",272,272,272,273,Vila Santa Catarina,36,São Paulo,37,Jabaquara,325.71,-23.6498615467473,-46.66000779005191
11,6,"POLYGON ((-46.65580000000001 -23.6514, -46.65580000000001 -23.6189, -46.6748 -23.6189, -46.6748 -23.6514, -46.65580000000001 -23.6514))",270,270,270,271,Congonhas,36,São Paulo,15,Campo Belo,179.42,-23.627724562120964,-46.65643017883954
11,6,"POLYGON ((-46.65580000000001 -23.6514, -46.65580000000001 -23.6189, -46.6748 -23.6189, -46.6748 -23.6514, -46.65580000000001 -23.6514))",271,271,271,272,Jardim Aeroporto,36,São Paulo,15,Campo Belo,198.55,-23.63696854670205,-46.66284486985234
11,6,"POLYGON ((-46.65580000000001 -23.6514, -46.65580000000001 -23.6189, -46.6748 -23.6189, -46.6748 -23.6514, -46.65580000000001 -23.6514))",268,268,268,269,Vieira de Moraes,36,São Paulo,15,Campo Belo,171.28,-23.623440476663603,-46.67260153016355
11,7,"POLYGON ((-46.6368 -23.6514, -46.6368 -23.6189, -46.65580000000001 -23.6189, -46.65580000000001 -23.6514, -46.6368 -23.6514))",273,273,273,274,Jabaquara,36,São Paulo,37,Jabaquara,288.72,-23.643787066984693,-46.64656578604078
11,8,"POLYGON ((-46.6178 -23.6514, -46.6178 -23.6189, -46.6368 -23.6189, -46.6368 -23.6514, -46.6178 -23.6514))",247,247,247,248,Parque do Estado,36,São Paulo,27,Cursino,445.41,-23.651236711804252,-46.62266748215662
11,8,"POLYGON ((-46.6178 -23.6514, -46.6178 -23.6189, -46.6368 -23.6189, -46.6368 -23.6514, -46.6178 -23.6514))",274,274,274,275,Cidade Vargas,36,São Paulo,37,Jabaquara,347.45,-23.640785709822786,-46.634501410015055
11,8,"POLYGON ((-46.6178 -23.6514, -46.6178 -23.6189, -46.6368 -23.6189, -46.6368 -23.6514, -46.6178 -23.6514))",248,248,248,249,Água Funda,36,São Paulo,27,Cursino,276.3,-23.631409343057697,-46.61986526512715
11,8,"POLYGON ((-46.6178 -23.6514, -46.6178 -23.6189, -46.6368 -23.6189, -46.6368 -23.6514, -46.6178 -23.6514))",58,58,58,59,Saúde,36,São Paulo,79,Saúde,260.81,-23.62105734739173,-46.63517513582157
11,9,"POLYGON ((-46.5988 -23.6514, -46.5988 -23.6189, -46.6178 -23.6189, -46.6178 -23.6514, -46.5988 -23.6514))",246,246,246,247,Vila das Mercês,36,São Paulo,69,Sacomã,468.94,-23.64019490013597,-46.60562600627825
11,10,"POLYGON ((-46.57980000000001 -23.6514, -46.57980000000001 -23.6189, -46.5988 -23.6189, -46.5988 -23.6514, -46.57980000000001 -23.6514))",245,245,245,246,Anchieta,36,São Paulo,69,Sacomã,217.08,-23.64554997534807,-46.59531981571001
11,10,"POLYGON ((-46.57980000000001 -23.6514, -46.57980000000001 -23.6189, -46.5988 -23.6189, -46.5988 -23.6514, -46.57980000000001 -23.6514))",244,244,244,245,São João Clímaco,36,São Paulo,69,Sacomã,198.15,-23.633162466950964,-46.58854249147375
11,11,"POLYGON ((-46.56080000000001 -23.6514, -46.56080000000001 -23.6189, -46.57980000000001 -23.6189, -46.57980000000001 -23.6514, -46.56080000000001 -23.6514))",418,418,418,419,Estrada das Lágrimas,34,São Caetano do Sul,130,São Caetano do Sul,360.05,-23.639878552686863,-46.57261940335541
11,11,"POLYGON ((-46.56080000000001 -23.6514, -46.56080000000001 -23.6189, -46.57980000000001 -23.6189, -46.57980000000001 -23.6514, -46.56080000000001 -23.6514))",419,419,419,420,Santo Antônio,34,São Caetano do Sul,130,São Caetano do Sul,133.88,-23.6226570233315,-46.57870266447506
11,11,"POLYGON ((-46.56080000000001 -23.6514, -46.56080000000001 -23.6189, -46.57980000000001 -23.6189, -46.57980000000001 -23.6514, -46.56080000000001 -23.6514))",416,416,416,417,Santa Paula,34,São Caetano do Sul,130,São Caetano do Sul,294.73,-23.622346823404804,-46.565663729399205
11,12,"POLYGON ((-46.5418 -23.6514, -46.5418 -23.6189, -46.56080000000001 -23.6189, -46.56080000000001 -23.6514, -46.5418 -23.6514))",425,425,425,426,Campestre,32,Santo André,128,Santo André,287.09,-23.63888674374561,-46.545956922316435
11,12,"POLYGON ((-46.5418 -23.6514, -46.5418 -23.6189, -46.56080000000001 -23.6189, -46.56080000000001 -23.6514, -46.5418 -23.6514))",417,417,417,418,Vila Gerti,34,São Caetano do Sul,130,São Caetano do Sul,380.18,-23.632102586765793,-46.555986219522325
11,13,"POLYGON ((-46.5228 -23.6514, -46.5228 -23.6189, -46.5418 -23.6189, -46.5418 -23.6514, -46.5228 -23.6514))",426,426,426,427,Utinga,32,Santo André,128,Santo André,566.15,-23.6232589912625,-46.535008212294436
11,14,"POLYGON ((-46.50380000000001 -23.6514, -46.50380000000001 -23.6189, -46.5228 -23.6189, -46.5228 -23.6514, -46.50380000000001 -23.6514))",429,429,429,430,Parque das Nações,32,Santo André,128,Santo André,527.79,-23.65059369129188,-46.50993134821998
11,14,"POLYGON ((-46.50380000000001 -23.6514, -46.50380000000001 -23.6189, -46.5228 -23.6189, -46.5228 -23.6514, -46.50380000000001 -23.6514))",427,427,427,428,Vila Lucinda,32,Santo André,128,Santo André,457.81,-23.62938908851305,-46.51571680903756
11,15,"POLYGON ((-46.48480000000001 -23.6514, -46.48480000000001 -23.6189, -46.50380000000001 -23.6189, -46.50380000000001 -23.6514, -46.48480000000001 -23.6514))",428,428,428,429,Parque Oratório,32,Santo André,128,Santo André,578.55,-23.636668667594385,-46.49403715534337
11,17,"POLYGON ((-46.4468 -23.6514, -46.4468 -23.6189, -46.46580000000001 -23.6189, -46.46580000000001 -23.6514, -46.4468 -23.6514))",234,234,234,235,Rodolfo Pirani,36,São Paulo,77,São Rafael,566.04,-23.623441675958517,-46.46387900294451
11,18,"POLYGON ((-46.4278 -23.6514, -46.4278 -23.6189, -46.4468 -23.6189, -46.4468 -23.6514, -46.4278 -23.6514))",233,233,233,234,Parque São Rafael,36,São Paulo,77,São Rafael,742.33,-23.631670719547092,-46.446011578896254
12,0,"POLYGON ((-46.7698 -23.6189, -46.7698 -23.5864, -46.7888 -23.5864, -46.7888 -23.6189, -46.7698 -23.6189))",330,330,330,331,Jardim Cambará,36,São Paulo,66,Raposo Tavares,480.2,-23.593127058921908,-46.77223497618355
12,0,"POLYGON ((-46.7698 -23.6189, -46.7698 -23.5864, -46.7888 -23.5864, -46.7888 -23.6189, -46.7698 -23.6189))",460,460,460,461,Jardim Irapuã,38,Taboão da Serra,133,Taboão da Serra,406.71,-23.617801665554943,-46.7800066648466
12,1,"POLYGON ((-46.75080000000001 -23.6189, -46.75080000000001 -23.5864, -46.7698 -23.5864, -46.7698 -23.6189, -46.75080000000001 -23.6189))",459,459,459,460,Taboão da Serra,38,Taboão da Serra,133,Taboão da Serra,526.97,-23.608100477411963,-46.765938117203675
12,2,"POLYGON ((-46.7318 -23.6189, -46.7318 -23.5864, -46.75080000000001 -23.5864, -46.75080000000001 -23.6189, -46.7318 -23.6189))",326,326,326,327,Portal do Morumbi,36,São Paulo,96,Vila Sônia,151.43,-23.609153591114893,-46.73249243823615
12,2,"POLYGON ((-46.7318 -23.6189, -46.7318 -23.5864, -46.75080000000001 -23.5864, -46.75080000000001 -23.6189, -46.7318 -23.6189))",327,327,327,328,Jardim Jussara,36,São Paulo,96,Vila Sônia,231.55,-23.606985337613054,-46.74424963537504
12,2,"POLYGON ((-46.7318 -23.6189, -46.7318 -23.5864, -46.75080000000001 -23.5864, -46.75080000000001 -23.6189, -46.7318 -23.6189))",329,329,329,330,Jardim Maria do Carmo,36,São Paulo,96,Vila Sônia,277.55,-23.592721247778453,-46.7485568420313
12,3,"POLYGON ((-46.7128 -23.6189, -46.7128 -23.5864, -46.7318 -23.5864, -46.7318 -23.6189, -46.7128 -23.6189))",318,318,318,319,Real Parque,36,São Paulo,55,Morumbi,223.42,-23.604702342238852,-46.71794658217736
12,3,"POLYGON ((-46.7128 -23.6189, -46.7128 -23.5864, -46.7318 -23.5864, -46.7318 -23.6189, -46.7128 -23.6189))",328,328,328,329,Vila Sônia,36,São Paulo,96,Vila Sônia,348.44,-23.59511401961469,-46.730553595696485
12,4,"POLYGON ((-46.6938 -23.6189, -46.6938 -23.5864, -46.7128 -23.5864, -46.7128 -23.6189, -46.6938 -23.6189))",317,317,317,318,Fazenda Morumbi,36,São Paulo,55,Morumbi,320.73,-23.607059152771875,-46.70472462571208
12,4,"POLYGON ((-46.6938 -23.6189, -46.6938 -23.5864, -46.7128 -23.5864, -46.7128 -23.6189, -46.6938 -23.6189))",315,315,315,316,Morumbi,36,São Paulo,55,Morumbi,271.46,-23.588842597440213,-46.71269251064216
12,5,"POLYGON ((-46.6748 -23.6189, -46.6748 -23.5864, -46.6938 -23.5864, -46.6938 -23.6189, -46.6748 -23.6189))",70,70,70,71,Brooklin,36,São Paulo,34,Itaim Bibi,234.25,-23.608998167214626,-46.684815784763686
12,5,"POLYGON ((-46.6748 -23.6189, -46.6748 -23.5864, -46.6938 -23.5864, -46.6938 -23.6189, -46.6748 -23.6189))",72,72,72,73,Berrini,36,São Paulo,34,Itaim Bibi,197.39,-23.601182909567786,-46.69191257233786
12,5,"POLYGON ((-46.6748 -23.6189, -46.6748 -23.5864, -46.6938 -23.5864, -46.6938 -23.6189, -46.6748 -23.6189))",69,69,69,70,Hélio Pelegrino,36,São Paulo,34,Itaim Bibi,103.38,-23.600205694177212,-46.67873558379944
12,5,"POLYGON ((-46.6748 -23.6189, -46.6748 -23.5864, -46.6938 -23.5864, -46.6938 -23.6189, -46.6748 -23.6189))",68,68,68,69,Vila Olímpia,36,São Paulo,34,Itaim Bibi,89.63,-23.59200486204801,-46.67686648419709
12,6,"POLYGON ((-46.65580000000001 -23.6189, -46.65580000000001 -23.5864, -46.6748 -23.5864, -46.6748 -23.6189, -46.65580000000001 -23.6189))",63,63,63,64,Moema,36,São Paulo,53,Moema,175.13,-23.60567309813458,-46.65883680535961
12,6,"POLYGON ((-46.65580000000001 -23.6189, -46.65580000000001 -23.5864, -46.6748 -23.5864, -46.6748 -23.6189, -46.65580000000001 -23.6189))",64,64,64,65,Vila Helena,36,São Paulo,53,Moema,104.82,-23.599681108655034,-46.66825199590866
12,6,"POLYGON ((-46.65580000000001 -23.6189, -46.65580000000001 -23.5864, -46.6748 -23.5864, -46.6748 -23.6189, -46.65580000000001 -23.6189))",66,66,66,67,Vila Nova Conceição,36,São Paulo,53,Moema,112.48,-23.588964978025928,-46.66761343293476
12,6,"POLYGON ((-46.65580000000001 -23.6189, -46.65580000000001 -23.5864, -46.6748 -23.5864, -46.6748 -23.6189, -46.65580000000001 -23.6189))",269,269,269,270,Campo Belo,36,São Paulo,15,Campo Belo,138.57,-23.61789558550446,-46.668657270784394
12,6,"POLYGON ((-46.65580000000001 -23.6189, -46.65580000000001 -23.5864, -46.6748 -23.5864, -46.6748 -23.6189, -46.65580000000001 -23.6189))",65,65,65,66,Bandeirantes,36,São Paulo,53,Moema,133.42,-23.610265690771875,-46.66824895045265
12,7,"POLYGON ((-46.6368 -23.6189, -46.6368 -23.5864, -46.65580000000001 -23.5864, -46.65580000000001 -23.6189, -46.6368 -23.6189))",54,54,54,55,França Pinto,36,São Paulo,92,Vila Mariana,112.14,-23.589749555553123,-46.64132318378529
12,7,"POLYGON ((-46.6368 -23.6189, -46.6368 -23.5864, -46.65580000000001 -23.5864, -46.65580000000001 -23.6189, -46.6368 -23.6189))",59,59,59,60,Planalto Paulista,36,São Paulo,79,Saúde,321.66,-23.618119081444586,-46.64955799517517
12,7,"POLYGON ((-46.6368 -23.6189, -46.6368 -23.5864, -46.65580000000001 -23.5864, -46.65580000000001 -23.6189, -46.6368 -23.6189))",60,60,60,61,Mirandópolis,36,São Paulo,79,Saúde,173.45,-23.605366796560922,-46.64281357487962
12,7,"POLYGON ((-46.6368 -23.6189, -46.6368 -23.5864, -46.65580000000001 -23.5864, -46.65580000000001 -23.6189, -46.6368 -23.6189))",53,53,53,54,Vila Clementino,36,São Paulo,92,Vila Mariana,93.7,-23.59641138099968,-46.64322589294111
12,7,"POLYGON ((-46.6368 -23.6189, -46.6368 -23.5864, -46.65580000000001 -23.5864, -46.65580000000001 -23.6189, -46.6368 -23.6189))",62,62,62,63,Jardim Luzitânia,36,São Paulo,53,Moema,103.07,-23.59623229962216,-46.65577609576648
12,8,"POLYGON ((-46.6178 -23.6189, -46.6178 -23.5864, -46.6368 -23.5864, -46.6368 -23.6189, -46.6178 -23.6189))",249,249,249,250,Jardim da Saúde,36,São Paulo,27,Cursino,182.94,-23.6155977891042,-46.62276265081659
12,8,"POLYGON ((-46.6178 -23.6189, -46.6178 -23.5864, -46.6368 -23.5864, -46.6368 -23.6189, -46.6178 -23.6189))",57,57,57,58,Bosque da Saúde,36,São Paulo,79,Saúde,169.91,-23.60629625871315,-46.631683830228354
12,8,"POLYGON ((-46.6178 -23.6189, -46.6178 -23.5864, -46.6368 -23.5864, -46.6368 -23.6189, -46.6178 -23.6189))",250,250,250,251,Vila Gumercindo,36,São Paulo,27,Cursino,137.19,-23.602271642867866,-46.61946934059719
12,8,"POLYGON ((-46.6178 -23.6189, -46.6178 -23.5864, -46.6368 -23.5864, -46.6368 -23.6189, -46.6178 -23.6189))",52,52,52,53,Santa Cruz,36,São Paulo,92,Vila Mariana,108.52,-23.59592327197161,-46.63004979838846
12,8,"POLYGON ((-46.6178 -23.6189, -46.6178 -23.5864, -46.6368 -23.5864, -46.6368 -23.6189, -46.6178 -23.6189))",50,50,50,51,Chácara Klabin,36,São Paulo,92,Vila Mariana,97.57,-23.589999513422732,-46.62553481840155
12,9,"POLYGON ((-46.5988 -23.6189, -46.5988 -23.5864, -46.6178 -23.5864, -46.6178 -23.6189, -46.5988 -23.6189))",238,238,238,239,Vila São José,36,São Paulo,33,Ipiranga,177.55,-23.589821823255754,-46.613061755046566
12,9,"POLYGON ((-46.5988 -23.6189, -46.5988 -23.5864, -46.6178 -23.5864, -46.6178 -23.6189, -46.5988 -23.6189))",235,235,235,236,Ipiranga,36,São Paulo,33,Ipiranga,91.94,-23.587778679467128,-46.60244929871438
12,9,"POLYGON ((-46.5988 -23.6189, -46.5988 -23.5864, -46.6178 -23.5864, -46.6178 -23.6189, -46.5988 -23.6189))",251,251,251,252,Jardim Previdência,36,São Paulo,27,Cursino,165.81,-23.61711229132348,-46.61406870996488
12,9,"POLYGON ((-46.5988 -23.6189, -46.5988 -23.5864, -46.6178 -23.5864, -46.6178 -23.6189, -46.5988 -23.6189))",242,242,242,243,Moinho Velho,36,São Paulo,69,Sacomã,347.41,-23.617017668877534,-46.600668852425024
12,9,"POLYGON ((-46.5988 -23.6189, -46.5988 -23.5864, -46.6178 -23.5864, -46.6178 -23.6189, -46.5988 -23.6189))",237,237,237,238,Alto do Ipiranga,36,São Paulo,33,Ipiranga,160.81,-23.60248253287505,-46.609205944791434
12,9,"POLYGON ((-46.5988 -23.6189, -46.5988 -23.5864, -46.6178 -23.5864, -46.6178 -23.6189, -46.5988 -23.6189))",236,236,236,237,Sacomã,36,São Paulo,33,Ipiranga,90.34,-23.596800041800627,-46.60141582945959
12,10,"POLYGON ((-46.57980000000001 -23.6189, -46.57980000000001 -23.5864, -46.5988 -23.5864, -46.5988 -23.6189, -46.57980000000001 -23.6189))",243,243,243,244,Vila Heliópolis,36,São Paulo,69,Sacomã,232.81,-23.61545835392776,-46.588494007836886
12,10,"POLYGON ((-46.57980000000001 -23.6189, -46.57980000000001 -23.5864, -46.5988 -23.5864, -46.5988 -23.6189, -46.57980000000001 -23.6189))",241,241,241,242,Vila Carioca,36,São Paulo,33,Ipiranga,249.11,-23.602339782414674,-46.58852294919813
12,10,"POLYGON ((-46.57980000000001 -23.6189, -46.57980000000001 -23.5864, -46.5988 -23.5864, -46.5988 -23.6189, -46.57980000000001 -23.6189))",252,252,252,253,Tamanduateí,36,São Paulo,95,Vila Prudente,112.99,-23.591257199122506,-46.587641265907486
12,11,"POLYGON ((-46.56080000000001 -23.6189, -46.56080000000001 -23.5864, -46.57980000000001 -23.5864, -46.57980000000001 -23.6189, -46.56080000000001 -23.6189))",420,420,420,421,São Caetano do Sul,34,São Caetano do Sul,130,São Caetano do Sul,367.7,-23.61044952881452,-46.5647659033896
12,11,"POLYGON ((-46.56080000000001 -23.6189, -46.56080000000001 -23.5864, -46.57980000000001 -23.5864, -46.57980000000001 -23.6189, -46.56080000000001 -23.6189))",254,254,254,255,Vila Zelina,36,São Paulo,95,Vila Prudente,492.94,-23.59891035661064,-46.566279520466026
12,12,"POLYGON ((-46.5418 -23.6189, -46.5418 -23.5864, -46.56080000000001 -23.5864, -46.56080000000001 -23.6189, -46.5418 -23.6189))",255,255,255,256,Linhas Corrente,36,São Paulo,74,São Lucas,251.81,-23.58867457903093,-46.554355239315846
12,13,"POLYGON ((-46.5228 -23.6189, -46.5228 -23.5864, -46.5418 -23.5864, -46.5418 -23.6189, -46.5228 -23.6189))",257,257,257,258,Parque São Lucas,36,São Paulo,74,São Lucas,449.68,-23.603837124634147,-46.53703224028157
12,13,"POLYGON ((-46.5228 -23.6189, -46.5228 -23.5864, -46.5418 -23.5864, -46.5418 -23.6189, -46.5228 -23.6189))",260,260,260,261,Jardim Colorado,36,São Paulo,78,Sapopemba,320.26,-23.593811553825926,-46.52468428705468
12,14,"POLYGON ((-46.50380000000001 -23.6189, -46.50380000000001 -23.5864, -46.5228 -23.5864, -46.5228 -23.6189, -46.50380000000001 -23.6189))",258,258,258,259,Vila Cardoso Franco,36,São Paulo,78,Sapopemba,163.88,-23.617578003231625,-46.50813219471456
12,14,"POLYGON ((-46.50380000000001 -23.6189, -46.50380000000001 -23.5864, -46.5228 -23.5864, -46.5228 -23.6189, -46.50380000000001 -23.6189))",259,259,259,260,Parque Santa Madalena,36,São Paulo,78,Sapopemba,204.85,-23.60839381332991,-46.516041507173746
12,14,"POLYGON ((-46.50380000000001 -23.6189, -46.50380000000001 -23.5864, -46.5228 -23.5864, -46.5228 -23.6189, -46.50380000000001 -23.6189))",261,261,261,262,Teotônio Vilela,36,São Paulo,78,Sapopemba,346.33,-23.598309834979354,-46.50700037600225
12,15,"POLYGON ((-46.48480000000001 -23.6189, -46.48480000000001 -23.5864, -46.50380000000001 -23.5864, -46.50380000000001 -23.6189, -46.48480000000001 -23.6189))",262,262,262,263,Fazenda da Juta,36,São Paulo,78,Sapopemba,329.57,-23.616482984223108,-46.49314607583976
12,15,"POLYGON ((-46.48480000000001 -23.6189, -46.48480000000001 -23.5864, -46.50380000000001 -23.5864, -46.50380000000001 -23.6189, -46.48480000000001 -23.6189))",264,264,264,265,Cidade IV Centenário,36,São Paulo,75,São Mateus,332.58,-23.59134725864924,-46.4949560362524
12,16,"POLYGON ((-46.46580000000001 -23.6189, -46.46580000000001 -23.5864, -46.48480000000001 -23.5864, -46.48480000000001 -23.6189, -46.46580000000001 -23.6189))",263,263,263,264,São Mateus,36,São Paulo,75,São Mateus,427.59,-23.60634599324836,-46.48192879044729
12,16,"POLYGON ((-46.46580000000001 -23.6189, -46.46580000000001 -23.5864, -46.48480000000001 -23.5864, -46.48480000000001 -23.6189, -46.46580000000001 -23.6189))",265,265,265,266,Rio Claro,36,São Paulo,75,São Mateus,218.36,-23.59013169349165,-46.48044960224543
12,17,"POLYGON ((-46.4468 -23.6189, -46.4468 -23.5864, -46.46580000000001 -23.5864, -46.46580000000001 -23.6189, -46.4468 -23.6189))",266,266,266,267,Cidade Satélite,36,São Paulo,75,São Mateus,300.48,-23.607930434353968,-46.46424461339068
12,17,"POLYGON ((-46.4468 -23.6189, -46.4468 -23.5864, -46.46580000000001 -23.5864, -46.46580000000001 -23.6189, -46.4468 -23.6189))",232,232,232,233,Sítio Carrãozinho,36,São Paulo,32,Iguatemi,323.28,-23.604298406505873,-46.449333716248375
12,18,"POLYGON ((-46.4278 -23.6189, -46.4278 -23.5864, -46.4468 -23.5864, -46.4468 -23.6189, -46.4278 -23.6189))",231,231,231,232,Iguatemi,36,São Paulo,32,Iguatemi,498.47,-23.60770996676486,-46.43434230377435
12,19,"POLYGON ((-46.40880000000001 -23.6189, -46.40880000000001 -23.5864, -46.4278 -23.5864, -46.4278 -23.6189, -46.40880000000001 -23.6189))",230,230,230,231,Terceira Divisão,36,São Paulo,32,Iguatemi,1130.9,-23.617001051124326,-46.416500617971565
13,0,"POLYGON ((-46.7698 -23.5864, -46.7698 -23.5539, -46.7888 -23.5539, -46.7888 -23.5864, -46.7698 -23.5864))",490,490,490,491,Bussocaba City,24,Osasco,120,Osasco,469.51,-23.56031570843382,-46.774058979735926
13,1,"POLYGON ((-46.75080000000001 -23.5864, -46.75080000000001 -23.5539, -46.7698 -23.5539, -46.7698 -23.5864, -46.75080000000001 -23.5864))",334,334,334,335,Jardim Ester Yolanda,36,São Paulo,68,Rio Pequeno,264.93,-23.5781689419068,-46.758285121389115
13,1,"POLYGON ((-46.75080000000001 -23.5864, -46.75080000000001 -23.5539, -46.7698 -23.5539, -46.7698 -23.5864, -46.75080000000001 -23.5864))",335,335,335,336,Jardim Adalgiza,36,São Paulo,68,Rio Pequeno,467.13,-23.568098021091966,-46.7649921773711
13,2,"POLYGON ((-46.7318 -23.5864, -46.7318 -23.5539, -46.75080000000001 -23.5539, -46.75080000000001 -23.5864, -46.7318 -23.5864))",341,341,341,342,Jardim Bonfiglioli,36,São Paulo,12,Butantã,319.97,-23.579750240100946,-46.73699523078938
13,2,"POLYGON ((-46.7318 -23.5864, -46.7318 -23.5539, -46.75080000000001 -23.5539, -46.75080000000001 -23.5864, -46.7318 -23.5864))",333,333,333,334,Rio Pequeno,36,São Paulo,68,Rio Pequeno,245.75,-23.56903799951487,-46.746865337044255
13,3,"POLYGON ((-46.7128 -23.5864, -46.7128 -23.5539, -46.7318 -23.5539, -46.7318 -23.5864, -46.7128 -23.5864))",340,340,340,341,Jardim Caxingui,36,São Paulo,12,Butantã,180.08,-23.57912904307653,-46.7205909696434
13,3,"POLYGON ((-46.7128 -23.5864, -46.7128 -23.5539, -46.7318 -23.5539, -46.7318 -23.5864, -46.7128 -23.5864))",338,338,338,339,Cidade Universitária,36,São Paulo,12,Butantã,584.56,-23.562060628265066,-46.727192339050816
13,4,"POLYGON ((-46.6938 -23.5864, -46.6938 -23.5539, -46.7128 -23.5539, -46.7128 -23.5864, -46.6938 -23.5864))",316,316,316,317,Jóquei Clube,36,São Paulo,55,Morumbi,333.24,-23.58582506952466,-46.69965204223903
13,4,"POLYGON ((-46.6938 -23.5864, -46.6938 -23.5539, -46.7128 -23.5539, -46.7128 -23.5864, -46.6938 -23.5864))",339,339,339,340,Butantã,36,São Paulo,12,Butantã,207.11,-23.569854189884182,-46.71004467854865
13,4,"POLYGON ((-46.6938 -23.5864, -46.6938 -23.5539, -46.7128 -23.5539, -46.7128 -23.5864, -46.6938 -23.5864))",81,81,81,82,Pinheiros,36,São Paulo,63,Pinheiros,202.58,-23.56712486114036,-46.69634169814336
13,5,"POLYGON ((-46.6748 -23.5864, -46.6748 -23.5539, -46.6938 -23.5539, -46.6938 -23.5864, -46.6748 -23.5864))",67,67,67,68,Chácara Itaim,36,São Paulo,34,Itaim Bibi,204.01,-23.584942244800423,-46.68001414040712
13,5,"POLYGON ((-46.6748 -23.5864, -46.6748 -23.5539, -46.6938 -23.5539, -46.6938 -23.5864, -46.6748 -23.5864))",80,80,80,81,Jardim Europa,36,São Paulo,63,Pinheiros,308.02,-23.575471123022037,-46.68411227710715
13,5,"POLYGON ((-46.6748 -23.5864, -46.6748 -23.5539, -46.6938 -23.5539, -46.6938 -23.5864, -46.6748 -23.5864))",79,79,79,80,Jardim Paulistano,36,São Paulo,63,Pinheiros,98.98,-23.56344238628397,-46.6851348752902
13,5,"POLYGON ((-46.6748 -23.5864, -46.6748 -23.5539, -46.6938 -23.5539, -46.6938 -23.5864, -46.6748 -23.5864))",76,76,76,77,Clínicas,36,São Paulo,44,Jardim Paulista,128.72,-23.557273436225838,-46.67506569956685
13,5,"POLYGON ((-46.6748 -23.5864, -46.6748 -23.5539, -46.6938 -23.5539, -46.6938 -23.5864, -46.6748 -23.5864))",82,82,82,83,Vila Madalena,36,São Paulo,63,Pinheiros,219.31,-23.554016374114113,-46.68856496706087
13,6,"POLYGON ((-46.65580000000001 -23.5864, -46.65580000000001 -23.5539, -46.6748 -23.5539, -46.6748 -23.5864, -46.65580000000001 -23.5864))",61,61,61,62,Parque Ibirapuera,36,São Paulo,53,Moema,283.7,-23.584504787517663,-46.656159698434905
13,6,"POLYGON ((-46.65580000000001 -23.5864, -46.65580000000001 -23.5539, -46.6748 -23.5539, -46.6748 -23.5864, -46.65580000000001 -23.5864))",74,74,74,75,Pamplona,36,São Paulo,44,Jardim Paulista,51.34,-23.570001881480227,-46.65740161882662
13,6,"POLYGON ((-46.65580000000001 -23.5864, -46.65580000000001 -23.5539, -46.6748 -23.5539, -46.6748 -23.5864, -46.65580000000001 -23.5864))",31,31,31,32,Consolação,36,São Paulo,26,Consolação,57.23,-23.55447597420116,-46.660050109121244
13,6,"POLYGON ((-46.65580000000001 -23.5864, -46.65580000000001 -23.5539, -46.6748 -23.5539, -46.6748 -23.5864, -46.65580000000001 -23.5864))",75,75,75,76,Jardins,36,São Paulo,44,Jardim Paulista,237.7,-23.57287771789081,-46.66776463307538
13,6,"POLYGON ((-46.65580000000001 -23.5864, -46.65580000000001 -23.5539, -46.6748 -23.5539, -46.6748 -23.5864, -46.65580000000001 -23.5864))",77,77,77,78,Oscar Freire,36,São Paulo,44,Jardim Paulista,100.01,-23.563904292619352,-46.6664477143691
13,6,"POLYGON ((-46.65580000000001 -23.5864, -46.65580000000001 -23.5539, -46.6748 -23.5539, -46.6748 -23.5864, -46.65580000000001 -23.5864))",78,78,78,79,Trianon,36,São Paulo,44,Jardim Paulista,59.81,-23.56021185850087,-46.66145170680025
13,7,"POLYGON ((-46.6368 -23.5864, -46.6368 -23.5539, -46.65580000000001 -23.5539, -46.65580000000001 -23.5864, -46.6368 -23.5864))",55,55,55,56,Rodrigues Alves,36,São Paulo,92,Vila Mariana,103.55,-23.582238741014162,-46.64330340927866
13,7,"POLYGON ((-46.6368 -23.5864, -46.6368 -23.5539, -46.65580000000001 -23.5539, -46.65580000000001 -23.5864, -46.6368 -23.5864))",56,56,56,57,Paraíso,36,São Paulo,92,Vila Mariana,96.28,-23.57408129453783,-46.64726553363551
13,7,"POLYGON ((-46.6368 -23.5864, -46.6368 -23.5539, -46.65580000000001 -23.5539, -46.65580000000001 -23.5864, -46.6368 -23.5864))",22,22,22,23,Centro Cultural,36,São Paulo,49,Liberdade,33.24,-23.567303113883572,-46.63877655254387
13,7,"POLYGON ((-46.6368 -23.5864, -46.6368 -23.5539, -46.65580000000001 -23.5539, -46.65580000000001 -23.5864, -46.6368 -23.5864))",73,73,73,74,Campinas,36,São Paulo,44,Jardim Paulista,49.08,-23.566412425052352,-46.65387162384421
13,7,"POLYGON ((-46.6368 -23.5864, -46.6368 -23.5539, -46.65580000000001 -23.5539, -46.65580000000001 -23.5864, -46.6368 -23.5864))",26,26,26,27,Bela Vista,36,São Paulo,7,Bela Vista,93.8,-23.565480303659893,-46.64440855782503
13,7,"POLYGON ((-46.6368 -23.5864, -46.6368 -23.5539, -46.65580000000001 -23.5539, -46.65580000000001 -23.5864, -46.6368 -23.5864))",27,27,27,28,São Carlos do Pinhal,36,São Paulo,7,Bela Vista,31.03,-23.56286577861535,-46.650203911501954
13,7,"POLYGON ((-46.6368 -23.5864, -46.6368 -23.5539, -46.65580000000001 -23.5539, -46.65580000000001 -23.5864, -46.6368 -23.5864))",28,28,28,29,Masp,36,São Paulo,7,Bela Vista,57.27,-23.55827919897125,-46.653837231488744
13,7,"POLYGON ((-46.6368 -23.5864, -46.6368 -23.5539, -46.65580000000001 -23.5539, -46.65580000000001 -23.5864, -46.6368 -23.5864))",25,25,25,26,Bexiga,36,São Paulo,7,Bela Vista,51.76,-23.55820919385787,-46.64192461901244
13,7,"POLYGON ((-46.6368 -23.5864, -46.6368 -23.5539, -46.65580000000001 -23.5539, -46.65580000000001 -23.5864, -46.6368 -23.5864))",24,24,24,25,Treze de Maio,36,São Paulo,7,Bela Vista,42.85,-23.555086560607986,-46.64793314751026
13,8,"POLYGON ((-46.6178 -23.5864, -46.6178 -23.5539, -46.6368 -23.5539, -46.6368 -23.5864, -46.6178 -23.5864))",51,51,51,52,Vila Mariana,36,São Paulo,92,Vila Mariana,59.61,-23.585583526578308,-46.6315188679638
13,8,"POLYGON ((-46.6178 -23.5864, -46.6178 -23.5539, -46.6368 -23.5539, -46.6368 -23.5864, -46.6178 -23.5864))",49,49,49,50,Jardim da Glória,36,São Paulo,92,Vila Mariana,88.43,-23.582374647430193,-46.620992485948584
13,8,"POLYGON ((-46.6178 -23.5864, -46.6178 -23.5539, -46.6368 -23.5539, -46.6368 -23.5864, -46.6178 -23.5864))",48,48,48,49,Ana Rosa,36,São Paulo,92,Vila Mariana,94.46,-23.578838827767267,-46.634369972314616
13,8,"POLYGON ((-46.6178 -23.5864, -46.6178 -23.5539, -46.6368 -23.5539, -46.6368 -23.5864, -46.6178 -23.5864))",20,20,20,21,Aclimação,36,São Paulo,49,Liberdade,113.62,-23.572874708765703,-46.63041172477328
13,8,"POLYGON ((-46.6178 -23.5864, -46.6178 -23.5539, -46.6368 -23.5539, -46.6368 -23.5864, -46.6178 -23.5864))",18,18,18,19,Cambuci,36,São Paulo,14,Cambuci,140.43,-23.57113794125981,-46.619428664887415
13,8,"POLYGON ((-46.6178 -23.5864, -46.6178 -23.5539, -46.6368 -23.5539, -46.6368 -23.5864, -46.6178 -23.5864))",21,21,21,22,Pires da Mota,36,São Paulo,49,Liberdade,50.03,-23.567513682499246,-46.63514344986554
13,8,"POLYGON ((-46.6178 -23.5864, -46.6178 -23.5539, -46.6368 -23.5539, -46.6368 -23.5864, -46.6178 -23.5864))",19,19,19,20,Glicério,36,São Paulo,49,Liberdade,108.02,-23.563947171986385,-46.62692861972257
13,8,"POLYGON ((-46.6178 -23.5864, -46.6178 -23.5539, -46.6368 -23.5539, -46.6368 -23.5864, -46.6178 -23.5864))",23,23,23,24,Liberdade,36,São Paulo,49,Liberdade,59.49,-23.559711458637466,-46.63502927173764
13,8,"POLYGON ((-46.6178 -23.5864, -46.6178 -23.5539, -46.6368 -23.5539, -46.6368 -23.5864, -46.6178 -23.5864))",2,2,2,3,Praça João Mendes,36,São Paulo,80,Sé,47.75,-23.5540157883862,-46.632338168263
13,9,"POLYGON ((-46.5988 -23.5864, -46.5988 -23.5539, -46.6178 -23.5539, -46.6178 -23.5864, -46.5988 -23.5864))",240,240,240,241,Vila Independência,36,São Paulo,33,Ipiranga,170.22,-23.580825840955477,-46.599968864174144
13,9,"POLYGON ((-46.5988 -23.5864, -46.5988 -23.5539, -46.6178 -23.5539, -46.6178 -23.5864, -46.5988 -23.5864))",239,239,239,240,Vila Monumento,36,São Paulo,33,Ipiranga,165.19,-23.57731006994175,-46.60976525510742
13,9,"POLYGON ((-46.5988 -23.5864, -46.5988 -23.5539, -46.6178 -23.5539, -46.6178 -23.5864, -46.5988 -23.5864))",17,17,17,18,Independência,36,São Paulo,14,Cambuci,253.75,-23.56042944094143,-46.61512101984746
13,10,"POLYGON ((-46.57980000000001 -23.5864, -46.57980000000001 -23.5539, -46.5988 -23.5539, -46.5988 -23.5864, -46.57980000000001 -23.5864))",44,44,44,45,Parque da Mooca,36,São Paulo,54,Mooca,381.42,-23.567241053207997,-46.59752361117296
13,10,"POLYGON ((-46.57980000000001 -23.5864, -46.57980000000001 -23.5539, -46.5988 -23.5539, -46.5988 -23.5864, -46.57980000000001 -23.5864))",43,43,43,44,Alto da Mooca,36,São Paulo,54,Mooca,141.65,-23.565450385784192,-46.58975529595933
13,11,"POLYGON ((-46.56080000000001 -23.5864, -46.56080000000001 -23.5539, -46.57980000000001 -23.5539, -46.57980000000001 -23.5864, -46.56080000000001 -23.5864))",253,253,253,254,Orfanato,36,São Paulo,95,Vila Prudente,354.26,-23.58388530951603,-46.57619988719468
13,11,"POLYGON ((-46.56080000000001 -23.5864, -46.56080000000001 -23.5539, -46.57980000000001 -23.5539, -46.57980000000001 -23.5864, -46.56080000000001 -23.5864))",45,45,45,46,Água Rasa,36,São Paulo,1,Água Rasa,315.81,-23.572671815740925,-46.564741282660826
13,11,"POLYGON ((-46.56080000000001 -23.5864, -46.56080000000001 -23.5539, -46.57980000000001 -23.5539, -46.57980000000001 -23.5864, -46.56080000000001 -23.5864))",46,46,46,47,Vila Bertioga,36,São Paulo,1,Água Rasa,195.28,-23.5667762072316,-46.57843743262292
13,11,"POLYGON ((-46.56080000000001 -23.5864, -46.56080000000001 -23.5539, -46.57980000000001 -23.5539, -46.57980000000001 -23.5864, -46.56080000000001 -23.5864))",47,47,47,48,Regente Feijó,36,São Paulo,1,Água Rasa,203.96,-23.557691260954197,-46.575695508240784
13,12,"POLYGON ((-46.5418 -23.5864, -46.5418 -23.5539, -46.56080000000001 -23.5539, -46.56080000000001 -23.5864, -46.5418 -23.5864))",256,256,256,257,Vila Ema,36,São Paulo,74,São Lucas,267.22,-23.58437004156321,-46.54349525609946
13,12,"POLYGON ((-46.5418 -23.5864, -46.5418 -23.5539, -46.56080000000001 -23.5539, -46.56080000000001 -23.5864, -46.5418 -23.5864))",209,209,209,210,Jardim Anália Franco,36,São Paulo,87,Vila Formosa,334.04,-23.56084773276319,-46.554269074264404
13,13,"POLYGON ((-46.5228 -23.5864, -46.5228 -23.5539, -46.5418 -23.5539, -46.5418 -23.5864, -46.5228 -23.5864))",210,210,210,211,Vila Formosa,36,São Paulo,87,Vila Formosa,417.48,-23.573169169889606,-46.53895532919032
13,13,"POLYGON ((-46.5228 -23.5864, -46.5228 -23.5539, -46.5418 -23.5539, -46.5418 -23.5864, -46.5228 -23.5864))",208,208,208,209,Vila Carrão,36,São Paulo,20,Carrão,440.28,-23.5556390894128,-46.53105270712877
13,14,"POLYGON ((-46.50380000000001 -23.5864, -46.50380000000001 -23.5539, -46.5228 -23.5539, -46.5228 -23.5864, -46.50380000000001 -23.5864))",211,211,211,212,Barreira Grande,36,São Paulo,4,Aricanduva,280.1,-23.580901490867273,-46.51621804591878
13,14,"POLYGON ((-46.50380000000001 -23.5864, -46.50380000000001 -23.5539, -46.5228 -23.5539, -46.5228 -23.5864, -46.50380000000001 -23.5864))",212,212,212,213,Aricanduva,36,São Paulo,4,Aricanduva,406.17,-23.568960345449167,-46.51490029621497
13,15,"POLYGON ((-46.48480000000001 -23.5864, -46.48480000000001 -23.5539, -46.50380000000001 -23.5539, -46.50380000000001 -23.5864, -46.48480000000001 -23.5864))",220,220,220,221,Parque Savoy,36,São Paulo,24,Cidade Líder,444.75,-23.569097957694346,-46.49393349807952
13,15,"POLYGON ((-46.48480000000001 -23.5864, -46.48480000000001 -23.5539, -46.50380000000001 -23.5539, -46.50380000000001 -23.5864, -46.48480000000001 -23.5864))",218,218,218,219,Cidade Líder,36,São Paulo,24,Cidade Líder,347.51,-23.556201663695607,-46.49974671152947
13,16,"POLYGON ((-46.46580000000001 -23.5864, -46.46580000000001 -23.5539, -46.48480000000001 -23.5539, -46.48480000000001 -23.5864, -46.46580000000001 -23.5864))",223,223,223,224,Parque do Carmo,36,São Paulo,58,Parque do Carmo,777.43,-23.583215989804398,-46.4663346951435
13,16,"POLYGON ((-46.46580000000001 -23.5864, -46.46580000000001 -23.5539, -46.48480000000001 -23.5539, -46.48480000000001 -23.5864, -46.46580000000001 -23.5864))",221,221,221,222,Vila Carmosina,36,São Paulo,58,Parque do Carmo,343.76,-23.56510069025537,-46.4690816694017
13,16,"POLYGON ((-46.46580000000001 -23.5864, -46.46580000000001 -23.5539, -46.48480000000001 -23.5539, -46.48480000000001 -23.5864, -46.46580000000001 -23.5864))",219,219,219,220,Santa Marcelina,36,São Paulo,24,Cidade Líder,265.94,-23.557569066058477,-46.47455977435778
13,17,"POLYGON ((-46.4468 -23.5864, -46.4468 -23.5539, -46.46580000000001 -23.5539, -46.46580000000001 -23.5864, -46.4468 -23.5864))",222,222,222,223,Fazenda Caguaçu,36,São Paulo,58,Parque do Carmo,439.53,-23.571309628020767,-46.4510502964292
13,18,"POLYGON ((-46.4278 -23.5864, -46.4278 -23.5539, -46.4468 -23.5539, -46.4468 -23.5864, -46.4278 -23.5864))",224,224,224,225,Gleba do Pêssego,36,São Paulo,46,José Bonifácio,1028.47,-23.57577476044367,-46.431686687745675
14,0,"POLYGON ((-46.7698 -23.5539, -46.7698 -23.5214, -46.7888 -23.5214, -46.7888 -23.5539, -46.7698 -23.5539))",488,488,488,489,Osasco,24,Osasco,120,Osasco,188.93,-23.530191201061392,-46.78107191337337
14,0,"POLYGON ((-46.7698 -23.5539, -46.7698 -23.5214, -46.7888 -23.5214, -46.7888 -23.5539, -46.7698 -23.5539))",497,497,497,498,Presidente Altino,24,Osasco,120,Osasco,247.56,-23.525491454640132,-46.770408821797965
14,0,"POLYGON ((-46.7698 -23.5539, -46.7698 -23.5214, -46.7888 -23.5214, -46.7888 -23.5539, -46.7698 -23.5539))",491,491,491,492,Nova Granada,24,Osasco,120,Osasco,546.33,-23.54141173477571,-46.78633220056241
14,1,"POLYGON ((-46.75080000000001 -23.5539, -46.75080000000001 -23.5214, -46.7698 -23.5214, -46.7698 -23.5539, -46.75080000000001 -23.5539))",336,336,336,337,Parque Continental,36,São Paulo,40,Jaguaré,226.38,-23.548115673686787,-46.752661426661746
14,1,"POLYGON ((-46.75080000000001 -23.5539, -46.75080000000001 -23.5214, -46.7698 -23.5214, -46.7698 -23.5539, -46.75080000000001 -23.5539))",489,489,489,490,Vila Yara,24,Osasco,120,Osasco,243.57,-23.540358422182674,-46.7666168240802
14,2,"POLYGON ((-46.7318 -23.5539, -46.7318 -23.5214, -46.75080000000001 -23.5214, -46.75080000000001 -23.5539, -46.7318 -23.5539))",106,106,106,107,Vila Leopoldina,36,São Paulo,90,Vila Leopoldina,91.65,-23.526903205557684,-46.733371563394286
14,2,"POLYGON ((-46.7318 -23.5539, -46.7318 -23.5214, -46.75080000000001 -23.5214, -46.75080000000001 -23.5539, -46.7318 -23.5539))",107,107,107,108,Emissário,36,São Paulo,90,Vila Leopoldina,190.52,-23.521968411509288,-46.73911491652208
14,2,"POLYGON ((-46.7318 -23.5539, -46.7318 -23.5214, -46.75080000000001 -23.5214, -46.75080000000001 -23.5539, -46.7318 -23.5539))",337,337,337,338,Jaguaré,36,São Paulo,40,Jaguaré,430.44,-23.541379818375827,-46.74627174419042
14,2,"POLYGON ((-46.7318 -23.5539, -46.7318 -23.5214, -46.75080000000001 -23.5214, -46.75080000000001 -23.5539, -46.7318 -23.5539))",105,105,105,106,CEASA,36,São Paulo,90,Vila Leopoldina,197.78,-23.535877752681195,-46.738529145800506
14,3,"POLYGON ((-46.7128 -23.5539, -46.7128 -23.5214, -46.7318 -23.5214, -46.7318 -23.5539, -46.7128 -23.5539))",101,101,101,102,Alto da Lapa,36,São Paulo,48,Lapa,159.95,-23.53053161293498,-46.712812137340975
14,3,"POLYGON ((-46.7128 -23.5539, -46.7128 -23.5214, -46.7318 -23.5214, -46.7318 -23.5539, -46.7128 -23.5539))",103,103,103,104,Bela Aliança,36,São Paulo,90,Vila Leopoldina,71.35,-23.52382391234469,-46.72583023763782
14,3,"POLYGON ((-46.7128 -23.5539, -46.7128 -23.5214, -46.7318 -23.5214, -46.7318 -23.5539, -46.7128 -23.5539))",102,102,102,103,Gavião Peixoto,36,São Paulo,48,Lapa,68.96,-23.52203838808568,-46.717115148136386
14,3,"POLYGON ((-46.7128 -23.5539, -46.7128 -23.5214, -46.7318 -23.5214, -46.7318 -23.5539, -46.7128 -23.5539))",96,96,96,97,Boaçava,36,São Paulo,2,Alto de Pinheiros,314.44,-23.54356625722415,-46.720638745373314
14,3,"POLYGON ((-46.7128 -23.5539, -46.7128 -23.5214, -46.7318 -23.5214, -46.7318 -23.5539, -46.7128 -23.5539))",104,104,104,105,Vila Hamburguesa,36,São Paulo,90,Vila Leopoldina,149.18,-23.533194281891376,-46.72632077490322
14,4,"POLYGON ((-46.6938 -23.5539, -46.6938 -23.5214, -46.7128 -23.5214, -46.7128 -23.5539, -46.6938 -23.5539))",99,99,99,100,Lapa,36,São Paulo,48,Lapa,225.22,-23.523556500763288,-46.69945105976384
14,4,"POLYGON ((-46.6938 -23.5539, -46.6938 -23.5214, -46.7128 -23.5214, -46.7128 -23.5539, -46.6938 -23.5539))",95,95,95,96,Alto de Pinheiros,36,São Paulo,2,Alto de Pinheiros,253.17,-23.552516524660334,-46.70877297121415
14,4,"POLYGON ((-46.6938 -23.5539, -46.6938 -23.5214, -46.7128 -23.5214, -46.7128 -23.5539, -46.6938 -23.5539))",94,94,94,95,Vila Beatriz,36,São Paulo,2,Alto de Pinheiros,183.66,-23.54725690284166,-46.70019790192483
14,4,"POLYGON ((-46.6938 -23.5539, -46.6938 -23.5214, -46.7128 -23.5214, -46.7128 -23.5539, -46.6938 -23.5539))",100,100,100,101,Vila Ipojuca,36,São Paulo,48,Lapa,168.47,-23.533466267786004,-46.69982116214197
14,5,"POLYGON ((-46.6748 -23.5539, -46.6748 -23.5214, -46.6938 -23.5214, -46.6938 -23.5539, -46.6748 -23.5539))",89,89,89,90,Pompéia,36,São Paulo,61,Perdizes,60.0,-23.52989313189888,-46.687119051769116
14,5,"POLYGON ((-46.6748 -23.5539, -46.6748 -23.5214, -46.6938 -23.5214, -46.6938 -23.5539, -46.6748 -23.5539))",93,93,93,94,Água Branca,36,São Paulo,6,Barra Funda,71.11,-23.52642813043382,-46.67747834636447
14,5,"POLYGON ((-46.6748 -23.5539, -46.6748 -23.5214, -46.6938 -23.5214, -46.6938 -23.5539, -46.6748 -23.5539))",86,86,86,87,Sumaré,36,São Paulo,61,Perdizes,139.16,-23.544253588094644,-46.68385889373289
14,5,"POLYGON ((-46.6748 -23.5539, -46.6748 -23.5214, -46.6938 -23.5214, -46.6938 -23.5539, -46.6748 -23.5539))",88,88,88,89,Vila Anglo Brasileira,36,São Paulo,61,Perdizes,79.12,-23.538737669473747,-46.69332868803129
14,5,"POLYGON ((-46.6748 -23.5539, -46.6748 -23.5214, -46.6938 -23.5214, -46.6938 -23.5539, -46.6748 -23.5539))",87,87,87,88,Perdizes,36,São Paulo,61,Perdizes,168.45,-23.535200080224826,-46.680679861356325
14,6,"POLYGON ((-46.65580000000001 -23.5539, -46.65580000000001 -23.5214, -46.6748 -23.5214, -46.6748 -23.5539, -46.65580000000001 -23.5539))",29,29,29,30,Higienópolis,36,São Paulo,26,Consolação,67.81,-23.54525797281215,-46.656141582777
14,6,"POLYGON ((-46.65580000000001 -23.5539, -46.65580000000001 -23.5214, -46.6748 -23.5214, -46.6748 -23.5539, -46.65580000000001 -23.5539))",35,35,35,36,Marechal Deodoro,36,São Paulo,70,Santa Cecília,142.2,-23.53295448027482,-46.65642119966119
14,6,"POLYGON ((-46.65580000000001 -23.5539, -46.65580000000001 -23.5214, -46.6748 -23.5214, -46.6748 -23.5539, -46.65580000000001 -23.5539))",92,92,92,93,Francisco Matarazzo,36,São Paulo,6,Barra Funda,105.13,-23.529652304052462,-46.666134635462925
14,6,"POLYGON ((-46.65580000000001 -23.5539, -46.65580000000001 -23.5214, -46.6748 -23.5214, -46.6748 -23.5539, -46.65580000000001 -23.5539))",32,32,32,33,Pacaembu,36,São Paulo,26,Consolação,90.45,-23.55060971121055,-46.66847398408605
14,6,"POLYGON ((-46.65580000000001 -23.5539, -46.65580000000001 -23.5214, -46.6748 -23.5214, -46.6748 -23.5539, -46.65580000000001 -23.5539))",85,85,85,86,Zequinha de Abreu,36,São Paulo,61,Perdizes,49.61,-23.545538294182357,-46.674186139509146
14,6,"POLYGON ((-46.65580000000001 -23.5539, -46.65580000000001 -23.5214, -46.6748 -23.5214, -46.6748 -23.5539, -46.65580000000001 -23.5539))",33,33,33,34,FAAP,36,São Paulo,26,Consolação,74.45,-23.544309454281386,-46.662478008873606
14,6,"POLYGON ((-46.65580000000001 -23.5539, -46.65580000000001 -23.5214, -46.6748 -23.5214, -46.6748 -23.5539, -46.65580000000001 -23.5539))",84,84,84,85,Cardoso de Almeida,36,São Paulo,61,Perdizes,63.39,-23.54077844000681,-46.66722554622624
14,6,"POLYGON ((-46.65580000000001 -23.5539, -46.65580000000001 -23.5214, -46.6748 -23.5214, -46.6748 -23.5539, -46.65580000000001 -23.5539))",83,83,83,84,PUC,36,São Paulo,61,Perdizes,73.32,-23.536108068906398,-46.67116057783003
14,7,"POLYGON ((-46.6368 -23.5539, -46.6368 -23.5214, -46.65580000000001 -23.5214, -46.65580000000001 -23.5539, -46.6368 -23.5539))",36,36,36,37,Rudge,36,São Paulo,70,Santa Cecília,84.73,-23.52372436888297,-46.65416695241702
14,7,"POLYGON ((-46.6368 -23.5539, -46.6368 -23.5214, -46.65580000000001 -23.5214, -46.65580000000001 -23.5539, -46.6368 -23.5539))",7,7,7,8,Bom Retiro,36,São Paulo,9,Bom Retiro,143.01,-23.521864162000714,-46.64453190934671
14,7,"POLYGON ((-46.6368 -23.5539, -46.6368 -23.5214, -46.65580000000001 -23.5214, -46.65580000000001 -23.5539, -46.6368 -23.5539))",3,3,3,4,Ladeira da Memória,36,São Paulo,67,República,75.11,-23.5514537653042,-46.641528122134964
14,7,"POLYGON ((-46.6368 -23.5539, -46.6368 -23.5214, -46.65580000000001 -23.5214, -46.65580000000001 -23.5539, -46.6368 -23.5539))",30,30,30,31,Vila Buarque,36,São Paulo,26,Consolação,89.58,-23.54863576617937,-46.65155514406312
14,7,"POLYGON ((-46.6368 -23.5539, -46.6368 -23.5214, -46.65580000000001 -23.5214, -46.65580000000001 -23.5539, -46.6368 -23.5539))",4,4,4,5,República,36,São Paulo,67,República,74.95,-23.544327090571212,-46.64269127088459
14,7,"POLYGON ((-46.6368 -23.5539, -46.6368 -23.5214, -46.65580000000001 -23.5214, -46.65580000000001 -23.5539, -46.6368 -23.5539))",5,5,5,6,Santa Ifigênia,36,São Paulo,67,República,82.93,-23.53899672605772,-46.638357897552716
14,7,"POLYGON ((-46.6368 -23.5539, -46.6368 -23.5214, -46.65580000000001 -23.5214, -46.65580000000001 -23.5539, -46.6368 -23.5539))",34,34,34,35,Santa Cecília,36,São Paulo,70,Santa Cecília,144.09,-23.535383657983413,-46.647703580235365
14,8,"POLYGON ((-46.6178 -23.5539, -46.6178 -23.5214, -46.6368 -23.5214, -46.6368 -23.5539, -46.6178 -23.5539))",8,8,8,9,Ponte Pequena,36,São Paulo,9,Bom Retiro,129.78,-23.52399591239259,-46.630479528844226
14,8,"POLYGON ((-46.6178 -23.5539, -46.6178 -23.5214, -46.6368 -23.5214, -46.6368 -23.5539, -46.6178 -23.5539))",9,9,9,10,Canindé,36,São Paulo,57,Pari,82.61,-23.52314851560299,-46.621040131502895
14,8,"POLYGON ((-46.6178 -23.5539, -46.6178 -23.5214, -46.6368 -23.5214, -46.6368 -23.5539, -46.6178 -23.5539))",15,15,15,16,Brás,36,São Paulo,10,Brás,109.08,-23.549926067483568,-46.61857302192611
14,8,"POLYGON ((-46.6178 -23.5539, -46.6178 -23.5214, -46.6368 -23.5214, -46.6368 -23.5539, -46.6178 -23.5539))",0,0,0,1,Sé,36,São Paulo,80,Sé,57.1,-23.54877270632105,-46.633666806085785
14,8,"POLYGON ((-46.6178 -23.5539, -46.6178 -23.5214, -46.6368 -23.5214, -46.6368 -23.5539, -46.6178 -23.5539))",1,1,1,2,Parque Dom Pedro,36,São Paulo,80,Sé,113.64,-23.54406323903391,-46.62950424993775
14,8,"POLYGON ((-46.6178 -23.5539, -46.6178 -23.5214, -46.6368 -23.5214, -46.6368 -23.5539, -46.6178 -23.5539))",16,16,16,17,Gasômetro,36,São Paulo,10,Brás,69.35,-23.54250111474139,-46.62328832242004
14,8,"POLYGON ((-46.6178 -23.5539, -46.6178 -23.5214, -46.6368 -23.5214, -46.6368 -23.5539, -46.6178 -23.5539))",12,12,12,13,João Teodoro,36,São Paulo,10,Brás,39.32,-23.537396335830746,-46.62127737486644
14,8,"POLYGON ((-46.6178 -23.5539, -46.6178 -23.5214, -46.6368 -23.5214, -46.6368 -23.5539, -46.6178 -23.5539))",6,6,6,7,Luz,36,São Paulo,9,Bom Retiro,154.6,-23.5312742368102,-46.634353780617246
14,9,"POLYGON ((-46.5988 -23.5539, -46.5988 -23.5214, -46.6178 -23.5214, -46.6178 -23.5539, -46.5988 -23.5539))",11,11,11,12,Pari,36,São Paulo,57,Pari,140.16,-23.53026998479985,-46.61716293061853
14,9,"POLYGON ((-46.5988 -23.5539, -46.5988 -23.5214, -46.6178 -23.5214, -46.6178 -23.5539, -46.5988 -23.5539))",37,37,37,38,Catumbi,36,São Paulo,8,Belém,81.44,-23.528578481437634,-46.60374307289203
14,9,"POLYGON ((-46.5988 -23.5539, -46.5988 -23.5214, -46.6178 -23.5214, -46.6178 -23.5539, -46.5988 -23.5539))",10,10,10,11,Bom Jardim,36,São Paulo,57,Pari,49.85,-23.52476570049535,-46.61078269173937
14,9,"POLYGON ((-46.5988 -23.5539, -46.5988 -23.5214, -46.6178 -23.5214, -46.6178 -23.5539, -46.5988 -23.5539))",14,14,14,15,Bresser,36,São Paulo,10,Brás,76.98,-23.54380422927701,-46.61098832032493
14,9,"POLYGON ((-46.5988 -23.5539, -46.5988 -23.5214, -46.6178 -23.5214, -46.6178 -23.5539, -46.5988 -23.5539))",13,13,13,14,Oriente,36,São Paulo,10,Brás,69.88,-23.53801618939185,-46.613826280966556
14,9,"POLYGON ((-46.5988 -23.5539, -46.5988 -23.5214, -46.6178 -23.5214, -46.6178 -23.5539, -46.5988 -23.5539))",41,41,41,42,Celso Garcia,36,São Paulo,8,Belém,63.89,-23.535444489657372,-46.60570092905122
14,10,"POLYGON ((-46.57980000000001 -23.5539, -46.57980000000001 -23.5214, -46.5988 -23.5214, -46.5988 -23.5539, -46.57980000000001 -23.5539))",42,42,42,43,Mooca,36,São Paulo,54,Mooca,271.79,-23.55082673049437,-46.59740747481478
14,10,"POLYGON ((-46.57980000000001 -23.5539, -46.57980000000001 -23.5214, -46.5988 -23.5214, -46.5988 -23.5539, -46.57980000000001 -23.5539))",39,39,39,40,Quarta Parada,36,São Paulo,8,Belém,127.4,-23.546568937815767,-46.5849742896901
14,10,"POLYGON ((-46.57980000000001 -23.5539, -46.57980000000001 -23.5214, -46.5988 -23.5214, -46.5988 -23.5539, -46.57980000000001 -23.5539))",40,40,40,41,Belenzinho,36,São Paulo,8,Belém,180.11,-23.54039335994764,-46.59449505474887
14,10,"POLYGON ((-46.57980000000001 -23.5539, -46.57980000000001 -23.5214, -46.5988 -23.5214, -46.5988 -23.5539, -46.57980000000001 -23.5539))",38,38,38,39,Belém,36,São Paulo,8,Belém,160.71,-23.53257787931025,-46.5927924280908
14,11,"POLYGON ((-46.56080000000001 -23.5539, -46.56080000000001 -23.5214, -46.57980000000001 -23.5214, -46.57980000000001 -23.5539, -46.56080000000001 -23.5539))",168,168,168,169,Parque São Jorge,36,São Paulo,82,Tatuapé,252.07,-23.530997330525786,-46.561217403043315
14,11,"POLYGON ((-46.56080000000001 -23.5539, -46.56080000000001 -23.5214, -46.57980000000001 -23.5214, -46.57980000000001 -23.5539, -46.56080000000001 -23.5539))",166,166,166,167,Tatuapé,36,São Paulo,82,Tatuapé,156.88,-23.546229650616997,-46.57353232526871
14,11,"POLYGON ((-46.56080000000001 -23.5539, -46.56080000000001 -23.5214, -46.57980000000001 -23.5214, -46.57980000000001 -23.5539, -46.56080000000001 -23.5539))",165,165,165,166,Gomes Cardim,36,São Paulo,82,Tatuapé,243.24,-23.545908222847718,-46.561551522136796
14,11,"POLYGON ((-46.56080000000001 -23.5539, -46.56080000000001 -23.5214, -46.57980000000001 -23.5214, -46.57980000000001 -23.5539, -46.56080000000001 -23.5539))",167,167,167,168,Chácara do Piqueri,36,São Paulo,82,Tatuapé,198.59,-23.53298287579386,-46.576302998484955
14,12,"POLYGON ((-46.5418 -23.5539, -46.5418 -23.5214, -46.56080000000001 -23.5214, -46.56080000000001 -23.5539, -46.5418 -23.5539))",207,207,207,208,Vila Califórnia,36,São Paulo,20,Carrão,340.04,-23.54518825819382,-46.54730045860329
14,13,"POLYGON ((-46.5228 -23.5539, -46.5228 -23.5214, -46.5418 -23.5214, -46.5418 -23.5539, -46.5228 -23.5539))",170,170,170,171,Tiquatira,36,São Paulo,60,Penha,324.46,-23.522239204852248,-46.532124532989776
14,13,"POLYGON ((-46.5228 -23.5539, -46.5228 -23.5214, -46.5418 -23.5214, -46.5418 -23.5539, -46.5228 -23.5539))",213,213,213,214,Frei Mont'Alverne,36,São Paulo,93,Vila Matilde,225.2,-23.539493347336194,-46.53337717579237
14,14,"POLYGON ((-46.50380000000001 -23.5539, -46.50380000000001 -23.5214, -46.5228 -23.5214, -46.5228 -23.5539, -46.50380000000001 -23.5539))",171,171,171,172,Vila Esperança,36,São Paulo,60,Penha,228.82,-23.52387308377316,-46.51770813908769
14,14,"POLYGON ((-46.50380000000001 -23.5539, -46.50380000000001 -23.5214, -46.5228 -23.5214, -46.5228 -23.5539, -46.50380000000001 -23.5539))",214,214,214,215,Vila Matilde,36,São Paulo,93,Vila Matilde,330.17,-23.542376959916734,-46.51833753338186
14,14,"POLYGON ((-46.50380000000001 -23.5539, -46.50380000000001 -23.5214, -46.5228 -23.5214, -46.5228 -23.5539, -46.50380000000001 -23.5539))",215,215,215,216,Cidade Patriarca,36,São Paulo,93,Vila Matilde,336.5,-23.53639278120788,-46.507223323646315
14,15,"POLYGON ((-46.48480000000001 -23.5539, -46.48480000000001 -23.5214, -46.50380000000001 -23.5214, -46.50380000000001 -23.5539, -46.48480000000001 -23.5539))",172,172,172,173,Vila Ré,36,São Paulo,60,Penha,208.23,-23.526803154710173,-46.49837622346982
14,15,"POLYGON ((-46.48480000000001 -23.5539, -46.48480000000001 -23.5214, -46.50380000000001 -23.5214, -46.50380000000001 -23.5539, -46.48480000000001 -23.5539))",217,217,217,218,Artur Alvim,36,São Paulo,5,Artur Alvim,387.27,-23.545028451676913,-46.48863817308767
14,16,"POLYGON ((-46.46580000000001 -23.5539, -46.46580000000001 -23.5214, -46.48480000000001 -23.5214, -46.48480000000001 -23.5539, -46.46580000000001 -23.5539))",190,190,190,191,Arena Corinthians,36,São Paulo,36,Itaquera,140.29,-23.544825047604927,-46.46897360046753
14,16,"POLYGON ((-46.46580000000001 -23.5539, -46.46580000000001 -23.5214, -46.48480000000001 -23.5214, -46.48480000000001 -23.5539, -46.46580000000001 -23.5539))",216,216,216,217,Cidade A.E.Carvalho,36,São Paulo,5,Artur Alvim,265.77,-23.53297162449865,-46.481151008278225
14,16,"POLYGON ((-46.46580000000001 -23.5539, -46.46580000000001 -23.5214, -46.48480000000001 -23.5214, -46.48480000000001 -23.5539, -46.46580000000001 -23.5539))",192,192,192,193,Araucárias,36,São Paulo,36,Itaquera,129.58,-23.522011482928644,-46.46899223196173
14,17,"POLYGON ((-46.4468 -23.5539, -46.4468 -23.5214, -46.46580000000001 -23.5214, -46.46580000000001 -23.5539, -46.4468 -23.5539))",189,189,189,190,Itaquera,36,São Paulo,36,Itaquera,283.17,-23.547191334309314,-46.453456125603935
14,17,"POLYGON ((-46.4468 -23.5539, -46.4468 -23.5214, -46.46580000000001 -23.5214, -46.46580000000001 -23.5539, -46.4468 -23.5539))",191,191,191,192,Vila Campanela,36,São Paulo,36,Itaquera,230.53,-23.53379439702968,-46.46551896043229
14,17,"POLYGON ((-46.4468 -23.5539, -46.4468 -23.5214, -46.46580000000001 -23.5214, -46.46580000000001 -23.5539, -46.4468 -23.5539))",193,193,193,194,Parque Guarani,36,São Paulo,36,Itaquera,126.45,-23.523454349645263,-46.458963965713245
14,17,"POLYGON ((-46.4468 -23.5539, -46.4468 -23.5214, -46.46580000000001 -23.5214, -46.46580000000001 -23.5539, -46.4468 -23.5539))",194,194,194,195,Rio Verde,36,São Paulo,36,Itaquera,238.76,-23.5229370716713,-46.45036152414592
14,18,"POLYGON ((-46.4278 -23.5539, -46.4278 -23.5214, -46.4468 -23.5214, -46.4468 -23.5539, -46.4278 -23.5539))",225,225,225,226,José Bonifácio,36,São Paulo,46,José Bonifácio,416.53,-23.546495299171728,-46.43380046420869
14,18,"POLYGON ((-46.4278 -23.5539, -46.4278 -23.5214, -46.4468 -23.5214, -46.4468 -23.5539, -46.4278 -23.5539))",188,188,188,189,Parada XV,36,São Paulo,36,Itaquera,324.46,-23.53410387020473,-46.44185342533083
14,19,"POLYGON ((-46.40880000000001 -23.5539, -46.40880000000001 -23.5214, -46.4278 -23.5214, -46.4278 -23.5539, -46.40880000000001 -23.5539))",226,226,226,227,Guaianases,36,São Paulo,31,Guaianases,472.34,-23.55121928349584,-46.41447974047622
14,19,"POLYGON ((-46.40880000000001 -23.5539, -46.40880000000001 -23.5214, -46.4278 -23.5214, -46.4278 -23.5539, -46.40880000000001 -23.5539))",202,202,202,203,Lajeado,36,São Paulo,47,Lajeado,276.95,-23.529751392701645,-46.423042449803326
15,0,"POLYGON ((-46.7698 -23.5214, -46.7698 -23.4889, -46.7888 -23.4889, -46.7888 -23.5214, -46.7698 -23.5214))",499,499,499,500,Rochdale,24,Osasco,120,Osasco,366.25,-23.507217640669104,-46.77662205530258
15,1,"POLYGON ((-46.75080000000001 -23.5214, -46.75080000000001 -23.4889, -46.7698 -23.4889, -46.7698 -23.5214, -46.75080000000001 -23.5214))",500,500,500,501,Mutinga,24,Osasco,120,Osasco,442.02,-23.51043840119537,-46.762849580177004
15,2,"POLYGON ((-46.7318 -23.5214, -46.7318 -23.4889, -46.75080000000001 -23.4889, -46.75080000000001 -23.5214, -46.7318 -23.5214))",112,112,112,113,Vila Jaguara,36,São Paulo,39,Jaguara,454.34,-23.510962198000218,-46.746902960536225
15,2,"POLYGON ((-46.7318 -23.5214, -46.7318 -23.4889, -46.75080000000001 -23.4889, -46.75080000000001 -23.5214, -46.7318 -23.5214))",110,110,110,111,São Domingos,36,São Paulo,73,São Domingos,581.76,-23.499473844056308,-46.738488247441204
15,3,"POLYGON ((-46.7128 -23.5214, -46.7128 -23.4889, -46.7318 -23.4889, -46.7318 -23.5214, -46.7128 -23.5214))",97,97,97,98,Vila Anastácio,36,São Paulo,48,Lapa,164.66,-23.51477572623617,-46.71664014252496
15,3,"POLYGON ((-46.7128 -23.5214, -46.7128 -23.4889, -46.7318 -23.4889, -46.7318 -23.5214, -46.7128 -23.5214))",109,109,109,110,Pirituba,36,São Paulo,64,Pirituba,488.92,-23.49733575477252,-46.71841098784506
15,4,"POLYGON ((-46.6938 -23.5214, -46.6938 -23.4889, -46.7128 -23.4889, -46.7128 -23.5214, -46.6938 -23.5214))",98,98,98,99,Lapa de Baixo,36,São Paulo,48,Lapa,242.69,-23.513940361057443,-46.70002484492282
15,4,"POLYGON ((-46.6938 -23.5214, -46.6938 -23.4889, -46.7128 -23.4889, -46.7128 -23.5214, -46.6938 -23.5214))",126,126,126,127,Freguesia do Ó,36,São Paulo,29,Freguesia do Ó,485.85,-23.49732453611391,-46.69630619119486
15,5,"POLYGON ((-46.6748 -23.5214, -46.6748 -23.4889, -46.6938 -23.4889, -46.6938 -23.5214, -46.6748 -23.5214))",90,90,90,91,Santa Marina,36,São Paulo,6,Barra Funda,295.36,-23.517158161427393,-46.67987385873531
15,5,"POLYGON ((-46.6748 -23.5214, -46.6748 -23.4889, -46.6938 -23.4889, -46.6938 -23.5214, -46.6748 -23.5214))",137,137,137,138,Limão,36,São Paulo,50,Limão,171.8,-23.50825141952859,-46.678391179445065
15,5,"POLYGON ((-46.6748 -23.5214, -46.6748 -23.4889, -46.6938 -23.4889, -46.6938 -23.5214, -46.6748 -23.5214))",138,138,138,139,Jardim Primavera,36,São Paulo,50,Limão,192.75,-23.49340443157553,-46.680177012182
15,6,"POLYGON ((-46.65580000000001 -23.5214, -46.65580000000001 -23.4889, -46.6748 -23.4889, -46.6748 -23.5214, -46.65580000000001 -23.5214))",91,91,91,92,Barra Funda,36,São Paulo,6,Barra Funda,118.21,-23.520442560478067,-46.66260728371956
15,6,"POLYGON ((-46.65580000000001 -23.5214, -46.65580000000001 -23.4889, -46.6748 -23.4889, -46.6748 -23.5214, -46.65580000000001 -23.5214))",135,135,135,136,Casa Verde,36,São Paulo,21,Casa Verde,325.35,-23.508310764781104,-46.66014319218532
15,6,"POLYGON ((-46.65580000000001 -23.5214, -46.65580000000001 -23.4889, -46.6748 -23.4889, -46.6748 -23.5214, -46.65580000000001 -23.5214))",139,139,139,140,Vila Santa Maria,36,São Paulo,50,Limão,277.94,-23.493784564921256,-46.670719523749135
15,7,"POLYGON ((-46.6368 -23.5214, -46.6368 -23.4889, -46.65580000000001 -23.4889, -46.65580000000001 -23.5214, -46.6368 -23.5214))",131,131,131,132,Parque Anhembi,36,São Paulo,71,Santana,313.52,-23.511609022783826,-46.63838494862088
15,7,"POLYGON ((-46.6368 -23.5214, -46.6368 -23.4889, -46.65580000000001 -23.4889, -46.65580000000001 -23.5214, -46.6368 -23.5214))",136,136,136,137,Parque Peruche,36,São Paulo,21,Casa Verde,391.87,-23.494762956567005,-46.6545867655588
15,7,"POLYGON ((-46.6368 -23.5214, -46.6368 -23.4889, -46.65580000000001 -23.4889, -46.65580000000001 -23.5214, -46.6368 -23.5214))",133,133,133,134,Santa Terezinha,36,São Paulo,71,Santana,251.08,-23.49040782518809,-46.63809769112512
15,8,"POLYGON ((-46.6178 -23.5214, -46.6178 -23.4889, -46.6368 -23.4889, -46.6368 -23.5214, -46.6178 -23.5214))",130,130,130,131,Tietê,36,São Paulo,71,Santana,78.6,-23.5155596279124,-46.62451900705316
15,8,"POLYGON ((-46.6178 -23.5214, -46.6178 -23.4889, -46.6368 -23.4889, -46.6368 -23.5214, -46.6178 -23.5214))",127,127,127,128,Carandiru,36,São Paulo,71,Santana,38.03,-23.50729513185685,-46.625752299943116
15,8,"POLYGON ((-46.6178 -23.5214, -46.6178 -23.4889, -46.6368 -23.4889, -46.6368 -23.5214, -46.6178 -23.5214))",129,129,129,130,Zaki Narchi,36,São Paulo,71,Santana,71.32,-23.506988846325182,-46.619513498497064
15,8,"POLYGON ((-46.6178 -23.5214, -46.6178 -23.4889, -46.6368 -23.4889, -46.6368 -23.5214, -46.6178 -23.5214))",128,128,128,129,Santana,36,São Paulo,71,Santana,54.36,-23.50150172508246,-46.62192089205585
15,8,"POLYGON ((-46.6178 -23.5214, -46.6178 -23.4889, -46.6368 -23.4889, -46.6368 -23.5214, -46.6178 -23.5214))",132,132,132,133,Alfredo Pujol,36,São Paulo,71,Santana,215.07,-23.49840364572761,-46.63230318457593
15,8,"POLYGON ((-46.6178 -23.5214, -46.6178 -23.4889, -46.6368 -23.4889, -46.6368 -23.5214, -46.6178 -23.5214))",134,134,134,135,Jardim São Paulo,36,São Paulo,71,Santana,291.23,-23.488967089052053,-46.618803069967115
15,9,"POLYGON ((-46.5988 -23.5214, -46.5988 -23.4889, -46.6178 -23.4889, -46.6178 -23.5214, -46.5988 -23.5214))",163,163,163,164,Vila Guilherme,36,São Paulo,88,Vila Guilherme,170.9,-23.519084765660327,-46.601962863921216
15,9,"POLYGON ((-46.5988 -23.5214, -46.5988 -23.4889, -46.6178 -23.4889, -46.6178 -23.5214, -46.5988 -23.5214))",164,164,164,165,Coroa,36,São Paulo,88,Vila Guilherme,174.39,-23.51357411241457,-46.61346594578148
15,9,"POLYGON ((-46.5988 -23.5214, -46.5988 -23.4889, -46.6178 -23.4889, -46.6178 -23.5214, -46.5988 -23.5214))",162,162,162,163,Vila Isolina Mazzei,36,São Paulo,88,Vila Guilherme,379.5,-23.502661094217874,-46.60334819467893
15,10,"POLYGON ((-46.57980000000001 -23.5214, -46.57980000000001 -23.4889, -46.5988 -23.4889, -46.5988 -23.5214, -46.57980000000001 -23.5214))",161,161,161,162,Vila Maria,36,São Paulo,91,Vila Maria,234.12,-23.51851582686425,-46.589854004327755
15,10,"POLYGON ((-46.57980000000001 -23.5214, -46.57980000000001 -23.4889, -46.5988 -23.4889, -46.5988 -23.5214, -46.57980000000001 -23.5214))",159,159,159,160,Jardim Japão,36,São Paulo,91,Vila Maria,396.23,-23.50461620688803,-46.581742322275936
15,10,"POLYGON ((-46.57980000000001 -23.5214, -46.57980000000001 -23.4889, -46.5988 -23.4889, -46.5988 -23.5214, -46.57980000000001 -23.5214))",157,157,157,158,Vila Medeiros,36,São Paulo,94,Vila Medeiros,335.02,-23.48982833927619,-46.586606631211005
15,11,"POLYGON ((-46.56080000000001 -23.5214, -46.56080000000001 -23.4889, -46.57980000000001 -23.4889, -46.57980000000001 -23.5214, -46.56080000000001 -23.5214))",160,160,160,161,Parque Novo Mundo,36,São Paulo,91,Vila Maria,551.36,-23.516518353867426,-46.56917904319626
15,12,"POLYGON ((-46.5418 -23.5214, -46.5418 -23.4889, -46.56080000000001 -23.4889, -46.56080000000001 -23.5214, -46.5418 -23.5214))",169,169,169,170,Penha,36,São Paulo,60,Penha,384.16,-23.521372053897945,-46.548289267519436
15,12,"POLYGON ((-46.5418 -23.5214, -46.5418 -23.4889, -46.56080000000001 -23.4889, -46.56080000000001 -23.5214, -46.5418 -23.5214))",365,365,365,366,Ponte Grande,15,Guarulhos,111,Guarulhos,874.87,-23.490641592213393,-46.54401198134564
15,13,"POLYGON ((-46.5228 -23.5214, -46.5228 -23.4889, -46.5418 -23.4889, -46.5418 -23.5214, -46.5228 -23.5214))",175,175,175,176,Cangaíba,36,São Paulo,18,Cangaíba,333.53,-23.50773839091261,-46.53128091995156
15,14,"POLYGON ((-46.50380000000001 -23.5214, -46.50380000000001 -23.4889, -46.5228 -23.4889, -46.5228 -23.5214, -46.50380000000001 -23.5214))",174,174,174,175,Estação Eng. Goulart,36,São Paulo,18,Cangaíba,193.33,-23.503028775653448,-46.514396372391225
15,14,"POLYGON ((-46.50380000000001 -23.5214, -46.50380000000001 -23.4889, -46.5228 -23.4889, -46.5228 -23.5214, -46.50380000000001 -23.5214))",176,176,176,177,Parque Ecológico do Tietê,36,São Paulo,18,Cangaíba,530.85,-23.491912577798576,-46.52137598707579
15,15,"POLYGON ((-46.48480000000001 -23.5214, -46.48480000000001 -23.4889, -46.50380000000001 -23.4889, -46.50380000000001 -23.5214, -46.48480000000001 -23.5214))",181,181,181,182,Ponte Rasa,36,São Paulo,65,Ponte Rasa,365.36,-23.513867057440386,-46.50142552119679
15,15,"POLYGON ((-46.48480000000001 -23.5214, -46.48480000000001 -23.4889, -46.50380000000001 -23.4889, -46.50380000000001 -23.5214, -46.48480000000001 -23.5214))",173,173,173,174,Rui Barbosa,36,São Paulo,18,Cangaíba,271.23,-23.500838443089513,-46.50281963185796
15,15,"POLYGON ((-46.48480000000001 -23.5214, -46.48480000000001 -23.4889, -46.50380000000001 -23.4889, -46.50380000000001 -23.5214, -46.48480000000001 -23.5214))",179,179,179,180,Ermelino Matarazzo,36,São Paulo,28,Ermelino Matarazzo,448.82,-23.490336959740358,-46.49043364369418
15,16,"POLYGON ((-46.46580000000001 -23.5214, -46.46580000000001 -23.4889, -46.48480000000001 -23.4889, -46.48480000000001 -23.5214, -46.46580000000001 -23.5214))",182,182,182,183,Burgo Paulista,36,São Paulo,65,Ponte Rasa,291.63,-23.517746890377477,-46.48360320864662
15,16,"POLYGON ((-46.46580000000001 -23.5214, -46.46580000000001 -23.4889, -46.48480000000001 -23.4889, -46.48480000000001 -23.5214, -46.46580000000001 -23.5214))",183,183,183,184,Limoeiro,36,São Paulo,89,Vila Jacuí,143.33,-23.511946110506386,-46.4718590559133
15,16,"POLYGON ((-46.46580000000001 -23.5214, -46.46580000000001 -23.4889, -46.48480000000001 -23.4889, -46.48480000000001 -23.5214, -46.46580000000001 -23.5214))",180,180,180,181,Parque Buturussu,36,São Paulo,28,Ermelino Matarazzo,371.83,-23.496129719066605,-46.4769018671208
15,17,"POLYGON ((-46.4468 -23.5214, -46.4468 -23.4889, -46.46580000000001 -23.4889, -46.46580000000001 -23.5214, -46.4468 -23.5214))",184,184,184,185,Laranja da China,36,São Paulo,89,Vila Jacuí,131.72,-23.508737316569714,-46.46406541692528
15,17,"POLYGON ((-46.4468 -23.5214, -46.4468 -23.4889, -46.46580000000001 -23.4889, -46.46580000000001 -23.5214, -46.4468 -23.5214))",187,187,187,188,Vila Jacuí,36,São Paulo,89,Vila Jacuí,211.87,-23.506405622508453,-46.451559364187716
15,17,"POLYGON ((-46.4468 -23.5214, -46.4468 -23.4889, -46.46580000000001 -23.4889, -46.46580000000001 -23.5214, -46.4468 -23.5214))",185,185,185,186,Pedro José Nunes,36,São Paulo,89,Vila Jacuí,86.18,-23.503004873423077,-46.46115645831897
15,17,"POLYGON ((-46.4468 -23.5214, -46.4468 -23.4889, -46.46580000000001 -23.4889, -46.46580000000001 -23.5214, -46.4468 -23.5214))",196,196,196,197,São Miguel Paulista,36,São Paulo,76,São Miguel,302.65,-23.49498980967544,-46.447200547878865
15,17,"POLYGON ((-46.4468 -23.5214, -46.4468 -23.4889, -46.46580000000001 -23.4889, -46.46580000000001 -23.5214, -46.4468 -23.5214))",186,186,186,187,Parque Cruzeiro do Sul,36,São Paulo,89,Vila Jacuí,249.91,-23.49025952304924,-46.46204047374546
15,18,"POLYGON ((-46.4278 -23.5214, -46.4278 -23.4889, -46.4468 -23.4889, -46.4468 -23.5214, -46.4278 -23.5214))",195,195,195,196,Saudade,36,São Paulo,76,São Miguel,207.28,-23.518556425007887,-46.437047927719746
15,18,"POLYGON ((-46.4278 -23.5214, -46.4278 -23.4889, -46.4468 -23.4889, -46.4468 -23.5214, -46.4278 -23.5214))",197,197,197,198,Cidade Nitro-Operária,36,São Paulo,76,São Miguel,357.92,-23.496021633622085,-46.43688156553648
15,19,"POLYGON ((-46.40880000000001 -23.5214, -46.40880000000001 -23.4889, -46.4278 -23.4889, -46.4278 -23.5214, -46.40880000000001 -23.5214))",201,201,201,202,Jardim Robru,36,São Paulo,86,Vila Curuçá,449.19,-23.517964162113284,-46.41412484009247
15,19,"POLYGON ((-46.40880000000001 -23.5214, -46.40880000000001 -23.4889, -46.4278 -23.4889, -46.4278 -23.5214, -46.40880000000001 -23.5214))",200,200,200,201,Vila Curuçá,36,São Paulo,86,Vila Curuçá,503.17,-23.502576559936234,-46.41659259669877
16,0,"POLYGON ((-46.7698 -23.4889, -46.7698 -23.4564, -46.7888 -23.4564, -46.7888 -23.4889, -46.7698 -23.4889))",501,501,501,502,Três Montanhas,24,Osasco,120,Osasco,957.92,-23.479519692135092,-46.784746861021226
16,1,"POLYGON ((-46.75080000000001 -23.4889, -46.75080000000001 -23.4564, -46.7698 -23.4564, -46.7698 -23.4889, -46.75080000000001 -23.4889))",111,111,111,112,Jardim Mutinga,36,São Paulo,73,São Domingos,411.97,-23.484676419878998,-46.75887232725376
16,1,"POLYGON ((-46.75080000000001 -23.4889, -46.75080000000001 -23.4564, -46.7698 -23.4564, -46.7698 -23.4889, -46.75080000000001 -23.4889))",113,113,113,114,Parque do Jaraguá,36,São Paulo,41,Jaraguá,489.12,-23.462496106129368,-46.76498894675171
16,3,"POLYGON ((-46.7128 -23.4889, -46.7128 -23.4564, -46.7318 -23.4564, -46.7318 -23.4889, -46.7128 -23.4889))",108,108,108,109,Vila Zatt,36,São Paulo,64,Pirituba,1220.22,-23.47410328064225,-46.72887533486463
16,4,"POLYGON ((-46.6938 -23.4889, -46.6938 -23.4564, -46.7128 -23.4564, -46.7128 -23.4889, -46.6938 -23.4889))",124,124,124,125,Vila Morro Grande,36,São Paulo,29,Freguesia do Ó,413.07,-23.475155503127798,-46.70369329712033
16,5,"POLYGON ((-46.6748 -23.4889, -46.6748 -23.4564, -46.6938 -23.4564, -46.6938 -23.4889, -46.6748 -23.4889))",125,125,125,126,Itaberaba,36,São Paulo,29,Freguesia do Ó,207.42,-23.482083216349807,-46.685435537962285
16,5,"POLYGON ((-46.6748 -23.4889, -46.6748 -23.4564, -46.6938 -23.4564, -46.6938 -23.4889, -46.6748 -23.4889))",123,123,123,124,Brasilândia,36,São Paulo,11,Brasilândia,318.28,-23.471481622424026,-46.68225142882049
16,5,"POLYGON ((-46.6748 -23.4889, -46.6748 -23.4564, -46.6938 -23.4564, -46.6938 -23.4889, -46.6748 -23.4889))",122,122,122,123,Vila Terezinha,36,São Paulo,11,Brasilândia,250.78,-23.463634764502626,-46.68992483032402
16,6,"POLYGON ((-46.65580000000001 -23.4889, -46.65580000000001 -23.4564, -46.6748 -23.4564, -46.6748 -23.4889, -46.65580000000001 -23.4889))",140,140,140,141,Cachoeirinha,36,São Paulo,13,Cachoeirinha,478.58,-23.47168217723682,-46.65894176907469
16,7,"POLYGON ((-46.6368 -23.4889, -46.6368 -23.4564, -46.65580000000001 -23.4564, -46.65580000000001 -23.4889, -46.6368 -23.4889))",143,143,143,144,Mandaqui,36,São Paulo,51,Mandaqui,552.45,-23.476777729113387,-46.6380797483654
16,7,"POLYGON ((-46.6368 -23.4889, -46.6368 -23.4564, -46.65580000000001 -23.4564, -46.65580000000001 -23.4889, -46.6368 -23.4889))",144,144,144,145,Horto Florestal,36,São Paulo,51,Mandaqui,342.18,-23.457785520242034,-46.64123038077164
16,9,"POLYGON ((-46.5988 -23.4889, -46.5988 -23.4564, -46.6178 -23.4564, -46.6178 -23.4889, -46.5988 -23.4889))",151,151,151,152,Parada Inglesa,36,São Paulo,84,Tucuruvi,242.67,-23.48582824083169,-46.60325291055636
16,9,"POLYGON ((-46.5988 -23.4889, -46.5988 -23.4564, -46.6178 -23.4564, -46.6178 -23.4889, -46.5988 -23.4889))",152,152,152,153,Tucuruvi,36,São Paulo,84,Tucuruvi,358.5,-23.46990176108443,-46.61600561901938
16,10,"POLYGON ((-46.57980000000001 -23.4889, -46.57980000000001 -23.4564, -46.5988 -23.4564, -46.5988 -23.4889, -46.57980000000001 -23.4889))",153,153,153,154,Vila Gustavo,36,São Paulo,84,Tucuruvi,345.8,-23.47428275376944,-46.59690214146377
16,11,"POLYGON ((-46.56080000000001 -23.4889, -46.56080000000001 -23.4564, -46.57980000000001 -23.4564, -46.57980000000001 -23.4889, -46.56080000000001 -23.4889))",158,158,158,159,Jardim Brasil,36,São Paulo,94,Vila Medeiros,454.37,-23.487795166251,-46.57037351885377
16,11,"POLYGON ((-46.56080000000001 -23.4889, -46.56080000000001 -23.4564, -46.57980000000001 -23.4564, -46.57980000000001 -23.4889, -46.56080000000001 -23.4889))",156,156,156,157,Parque Edu Chaves,36,São Paulo,38,Jaçanã,109.91,-23.47745756943014,-46.56477576756698
16,11,"POLYGON ((-46.56080000000001 -23.4889, -46.56080000000001 -23.4564, -46.57980000000001 -23.4564, -46.57980000000001 -23.4889, -46.56080000000001 -23.4889))",155,155,155,156,Jaçanã,36,São Paulo,38,Jaçanã,386.23,-23.46656379345557,-46.57858730069744
16,12,"POLYGON ((-46.5418 -23.4889, -46.5418 -23.4564, -46.56080000000001 -23.4564, -46.56080000000001 -23.4889, -46.5418 -23.4889))",366,366,366,367,Gopouva,15,Guarulhos,111,Guarulhos,202.39,-23.475090760991968,-46.542264730137845
16,12,"POLYGON ((-46.5418 -23.4889, -46.5418 -23.4564, -46.56080000000001 -23.4564, -46.56080000000001 -23.4889, -46.5418 -23.4889))",367,367,367,368,Vila São Rafael,15,Guarulhos,111,Guarulhos,401.04,-23.469251825967827,-46.557076424133186
16,13,"POLYGON ((-46.5228 -23.4889, -46.5228 -23.4564, -46.5418 -23.4564, -46.5418 -23.4889, -46.5228 -23.4889))",361,361,361,362,Guarulhos,15,Guarulhos,111,Guarulhos,164.41,-23.466232471548505,-46.53335448267557
16,14,"POLYGON ((-46.50380000000001 -23.4889, -46.50380000000001 -23.4564, -46.5228 -23.4564, -46.5228 -23.4889, -46.50380000000001 -23.4889))",364,364,364,365,Várzea do Palácio,15,Guarulhos,111,Guarulhos,646.76,-23.47068119607276,-46.50548220081203
16,14,"POLYGON ((-46.50380000000001 -23.4889, -46.50380000000001 -23.4564, -46.5228 -23.4564, -46.5228 -23.4889, -46.50380000000001 -23.4889))",362,362,362,363,Macedo,15,Guarulhos,111,Guarulhos,382.09,-23.460278738308048,-46.52077973546129
16,15,"POLYGON ((-46.48480000000001 -23.4889, -46.48480000000001 -23.4564, -46.50380000000001 -23.4564, -46.50380000000001 -23.4889, -46.48480000000001 -23.4889))",177,177,177,178,USP Leste I,36,São Paulo,18,Cangaíba,50.18,-23.484074022739073,-46.50179357416633
16,16,"POLYGON ((-46.46580000000001 -23.4889, -46.46580000000001 -23.4564, -46.48480000000001 -23.4564, -46.48480000000001 -23.4889, -46.46580000000001 -23.4889))",363,363,363,364,Cumbica,15,Guarulhos,111,Guarulhos,689.34,-23.467628954349536,-46.47521537119828
16,16,"POLYGON ((-46.46580000000001 -23.4889, -46.46580000000001 -23.4564, -46.48480000000001 -23.4564, -46.48480000000001 -23.4889, -46.46580000000001 -23.4889))",178,178,178,179,USP Leste II,36,São Paulo,28,Ermelino Matarazzo,122.83,-23.47940758752647,-46.48363691706911
16,18,"POLYGON ((-46.4278 -23.4889, -46.4278 -23.4564, -46.4468 -23.4564, -46.4468 -23.4889, -46.4278 -23.4889))",377,377,377,378,Pimentas,15,Guarulhos,111,Guarulhos,1685.56,-23.46073895369359,-46.4437731887748
16,19,"POLYGON ((-46.40880000000001 -23.4889, -46.40880000000001 -23.4564, -46.4278 -23.4564, -46.4278 -23.4889, -46.40880000000001 -23.4889))",198,198,198,199,Jardim Helena,36,São Paulo,43,Jardim Helena,684.67,-23.483111939979693,-46.419803592086495
17,0,"POLYGON ((-46.7698 -23.4564, -46.7698 -23.4239, -46.7888 -23.4239, -46.7888 -23.4564, -46.7698 -23.4564))",117,117,117,118,Anhanguera,36,São Paulo,3,Anhanguera,1812.79,-23.42417484333487,-46.78562405999672
17,1,"POLYGON ((-46.75080000000001 -23.4564, -46.75080000000001 -23.4239, -46.7698 -23.4239, -46.7698 -23.4564, -46.75080000000001 -23.4564))",114,114,114,115,Nova Jaraguá,36,São Paulo,41,Jaraguá,777.78,-23.44907236370205,-46.75162931124406
17,3,"POLYGON ((-46.7128 -23.4564, -46.7128 -23.4239, -46.7318 -23.4239, -46.7318 -23.4564, -46.7128 -23.4564))",115,115,115,116,Parada de Taipas,36,São Paulo,41,Jaraguá,1553.24,-23.438657416754374,-46.725102074760215
17,4,"POLYGON ((-46.6938 -23.4564, -46.6938 -23.4239, -46.7128 -23.4239, -46.7128 -23.4564, -46.6938 -23.4564))",121,121,121,122,Vila Souza,36,São Paulo,11,Brasilândia,220.86,-23.454061639269923,-46.705841568756895
17,5,"POLYGON ((-46.6748 -23.4564, -46.6748 -23.4239, -46.6938 -23.4239, -46.6938 -23.4564, -46.6748 -23.4564))",120,120,120,121,Jardim Damasceno,36,São Paulo,11,Brasilândia,573.73,-23.449266834752702,-46.68706862604566
17,5,"POLYGON ((-46.6748 -23.4564, -46.6748 -23.4239, -46.6938 -23.4239, -46.6938 -23.4564, -46.6748 -23.4564))",119,119,119,120,Vista Alegre,36,São Paulo,11,Brasilândia,742.47,-23.43156949213917,-46.68550255534269
17,6,"POLYGON ((-46.65580000000001 -23.4564, -46.65580000000001 -23.4239, -46.6748 -23.4239, -46.6748 -23.4564, -46.65580000000001 -23.4564))",141,141,141,142,Jardim Peri,36,São Paulo,13,Cachoeirinha,443.68,-23.45488082365296,-46.663874034000024
17,6,"POLYGON ((-46.65580000000001 -23.4564, -46.65580000000001 -23.4239, -46.6748 -23.4239, -46.6748 -23.4564, -46.65580000000001 -23.4564))",142,142,142,143,Reserva da Cantareira,36,São Paulo,13,Cachoeirinha,436.61,-23.43466221250689,-46.66279215470882
17,7,"POLYGON ((-46.6368 -23.4564, -46.6368 -23.4239, -46.65580000000001 -23.4239, -46.65580000000001 -23.4564, -46.6368 -23.4564))",145,145,145,146,ETA Guaraú,36,São Paulo,51,Mandaqui,428.67,-23.438154426813888,-46.64308098251895
17,8,"POLYGON ((-46.6178 -23.4564, -46.6178 -23.4239, -46.6368 -23.4239, -46.6368 -23.4564, -46.6178 -23.4564))",147,147,147,148,Tremembé,36,São Paulo,83,Tremembé,331.62,-23.45426602158071,-46.62354348067613
17,9,"POLYGON ((-46.5988 -23.4564, -46.5988 -23.4239, -46.6178 -23.4239, -46.6178 -23.4564, -46.5988 -23.4564))",146,146,146,147,Parque Palmas do Tremembé,36,São Paulo,83,Tremembé,407.03,-23.450498079975787,-46.608604815815255
17,10,"POLYGON ((-46.57980000000001 -23.4564, -46.57980000000001 -23.4239, -46.5988 -23.4239, -46.5988 -23.4564, -46.57980000000001 -23.4564))",150,150,150,151,Jardim Guapira,36,São Paulo,83,Tremembé,548.53,-23.45112528616478,-46.589254963197135
17,11,"POLYGON ((-46.56080000000001 -23.4564, -46.56080000000001 -23.4239, -46.57980000000001 -23.4239, -46.57980000000001 -23.4564, -46.56080000000001 -23.4564))",154,154,154,155,Cohab Jova Rural,36,São Paulo,38,Jaçanã,254.58,-23.448472986850657,-46.57316525434836
17,12,"POLYGON ((-46.5418 -23.4564, -46.5418 -23.4239, -46.56080000000001 -23.4239, -46.56080000000001 -23.4564, -46.5418 -23.4564))",368,368,368,369,Vila Rosália,15,Guarulhos,111,Guarulhos,434.65,-23.449131933520786,-46.5567775586891
17,12,"POLYGON ((-46.5418 -23.4564, -46.5418 -23.4239, -46.56080000000001 -23.4239, -46.56080000000001 -23.4564, -46.5418 -23.4564))",378,378,378,379,Cabuçu,15,Guarulhos,111,Guarulhos,752.36,-23.42676008581383,-46.55164687008929
17,13,"POLYGON ((-46.5228 -23.4564, -46.5228 -23.4239, -46.5418 -23.4239, -46.5418 -23.4564, -46.5228 -23.4564))",369,369,369,370,André Luiz,15,Guarulhos,111,Guarulhos,579.59,-23.448964312077063,-46.54070943388078
17,13,"POLYGON ((-46.5228 -23.4564, -46.5228 -23.4239, -46.5418 -23.4239, -46.5418 -23.4564, -46.5228 -23.4564))",370,370,370,371,Jardim Santa Clara,15,Guarulhos,111,Guarulhos,462.74,-23.43867956849377,-46.52470690217445
17,14,"POLYGON ((-46.50380000000001 -23.4564, -46.50380000000001 -23.4239, -46.5228 -23.4239, -46.5228 -23.4564, -46.50380000000001 -23.4564))",371,371,371,372,Parque CECAP,15,Guarulhos,111,Guarulhos,471.79,-23.45012535026752,-46.50407339207278
17,15,"POLYGON ((-46.48480000000001 -23.4564, -46.48480000000001 -23.4239, -46.50380000000001 -23.4239, -46.50380000000001 -23.4564, -46.48480000000001 -23.4564))",372,372,372,373,Taboão,15,Guarulhos,111,Guarulhos,529.11,-23.429625343728446,-46.502237685634306
17,16,"POLYGON ((-46.46580000000001 -23.4564, -46.46580000000001 -23.4239, -46.48480000000001 -23.4239, -46.48480000000001 -23.4564, -46.46580000000001 -23.4564))",373,373,373,374,Aeroporto,15,Guarulhos,111,Guarulhos,1324.93,-23.43304956847621,-46.4735222029094
17,17,"POLYGON ((-46.4468 -23.4564, -46.4468 -23.4239, -46.46580000000001 -23.4239, -46.46580000000001 -23.4564, -46.4468 -23.4564))",374,374,374,375,Jardim Presidente Dutra,15,Guarulhos,111,Guarulhos,892.25,-23.435123972174665,-46.44744092956744
18,2,"POLYGON ((-46.7318 -23.4239, -46.7318 -23.3914, -46.75080000000001 -23.3914, -46.75080000000001 -23.4239, -46.7318 -23.4239))",118,118,118,119,Perus,36,São Paulo,62,Perus,2369.13,-23.407886138069248,-46.74569321436882
18,5,"POLYGON ((-46.6748 -23.4239, -46.6748 -23.3914, -46.6938 -23.3914, -46.6938 -23.4239, -46.6748 -23.4239))",342,342,342,343,Melhoramentos,4,Caieiras,100,Caieiras,2875.06,-23.39265231344245,-46.68603376387438
18,10,"POLYGON ((-46.57980000000001 -23.4239, -46.57980000000001 -23.3914, -46.5988 -23.3914, -46.5988 -23.4239, -46.57980000000001 -23.4239))",149,149,149,150,Jardim das Pedras,36,São Paulo,83,Tremembé,1609.01,-23.42169386371573,-46.58336012244846
18,10,"POLYGON ((-46.57980000000001 -23.4239, -46.57980000000001 -23.3914, -46.5988 -23.3914, -46.5988 -23.4239, -46.57980000000001 -23.4239))",148,148,148,149,Cantareira,36,São Paulo,83,Tremembé,2886.45,-23.399376101907702,-46.584895576641046
18,14,"POLYGON ((-46.50380000000001 -23.4239, -46.50380000000001 -23.3914, -46.5228 -23.3914, -46.5228 -23.4239, -46.50380000000001 -23.4239))",379,379,379,380,Invernada,15,Guarulhos,111,Guarulhos,2194.83,-23.403724685320753,-46.5071808582671
18,17,"POLYGON ((-46.4468 -23.4239, -46.4468 -23.3914, -46.46580000000001 -23.3914, -46.46580000000001 -23.4239, -46.4468 -23.4239))",381,381,381,382,Chácaras Bananal,15,Guarulhos,111,Guarulhos,1815.89,-23.396929864402797,-46.4607621788525
18,19,"POLYGON ((-46.40880000000001 -23.4239, -46.40880000000001 -23.3914, -46.4278 -23.3914, -46.4278 -23.4239, -46.40880000000001 -23.4239))",382,382,382,383,Estrada de Nazaré Paulista,15,Guarulhos,111,Guarulhos,1215.48,-23.404419030940428,-46.42727200557201
19,3,"POLYGON ((-46.7128 -23.3914, -46.7128 -23.3589, -46.7318 -23.3589, -46.7318 -23.3914, -46.7128 -23.3914))",343,343,343,344,Caieiras,4,Caieiras,100,Caieiras,1990.04,-23.376571220648266,-46.72782072886178
19,8,"POLYGON ((-46.6178 -23.3914, -46.6178 -23.3589, -46.6368 -23.3589, -46.6368 -23.3914, -46.6178 -23.3914))",358,358,358,359,Paiva Castro,21,Mairiporã,117,Mairiporã,6751.3,-23.377158105640174,-46.63027683961004
19,14,"POLYGON ((-46.50380000000001 -23.3914, -46.50380000000001 -23.3589, -46.5228 -23.3589, -46.5228 -23.3914, -46.50380000000001 -23.3914))",380,380,380,381,Morro dos Macacos,15,Guarulhos,111,Guarulhos,3533.19,-23.376568150171128,-46.50849985265296
19,19,"POLYGON ((-46.40880000000001 -23.3914, -46.40880000000001 -23.3589, -46.4278 -23.3589, -46.4278 -23.3914, -46.40880000000001 -23.3914))",383,383,383,384,Água Azul,15,Guarulhos,111,Guarulhos,3389.29,-23.371268235175037,-46.412720655620575
